{
  "model_name": "XGBoost",
  "timestamp": "20251122_224844",
  "model_file": "best_xgboost_20251122_224844_f1_0.999.json",
  "metrics": {
    "f1": 0.9989868287740629,
    "roc_auc": 1.0,
    "precision": 1.0,
    "recall": 0.9979757085020243,
    "train_time": 6.961045
  },
  "config": {
    "random_seed": 42,
    "test_size": 0.2,
    "val_size": 0.1,
    "tfidf": {
      "max_features": 5000,
      "analyzer": "char_wb",
      "ngram_range": [
        3,
        6
      ],
      "min_df": 2,
      "max_df": 0.95
    }
  },
  "dataset_info": {
    "total_samples": 12636,
    "train_samples": 10108,
    "val_samples": 1264,
    "test_samples": 1264
  },
  "feature_names": [
    "len_raw",
    "num_sql_keywords",
    "has_union",
    "has_select",
    "has_or_1_1",
    "has_comment",
    "has_quote",
    "num_special",
    "has_script",
    "has_encoded",
    "num_equals",
    "num_parens",
    "tfidf_0",
    "tfidf_1",
    "tfidf_2",
    "tfidf_3",
    "tfidf_4",
    "tfidf_5",
    "tfidf_6",
    "tfidf_7",
    "tfidf_8",
    "tfidf_9",
    "tfidf_10",
    "tfidf_11",
    "tfidf_12",
    "tfidf_13",
    "tfidf_14",
    "tfidf_15",
    "tfidf_16",
    "tfidf_17",
    "tfidf_18",
    "tfidf_19",
    "tfidf_20",
    "tfidf_21",
    "tfidf_22",
    "tfidf_23",
    "tfidf_24",
    "tfidf_25",
    "tfidf_26",
    "tfidf_27",
    "tfidf_28",
    "tfidf_29",
    "tfidf_30",
    "tfidf_31",
    "tfidf_32",
    "tfidf_33",
    "tfidf_34",
    "tfidf_35",
    "tfidf_36",
    "tfidf_37",
    "tfidf_38",
    "tfidf_39",
    "tfidf_40",
    "tfidf_41",
    "tfidf_42",
    "tfidf_43",
    "tfidf_44",
    "tfidf_45",
    "tfidf_46",
    "tfidf_47",
    "tfidf_48",
    "tfidf_49",
    "tfidf_50",
    "tfidf_51",
    "tfidf_52",
    "tfidf_53",
    "tfidf_54",
    "tfidf_55",
    "tfidf_56",
    "tfidf_57",
    "tfidf_58",
    "tfidf_59",
    "tfidf_60",
    "tfidf_61",
    "tfidf_62",
    "tfidf_63",
    "tfidf_64",
    "tfidf_65",
    "tfidf_66",
    "tfidf_67",
    "tfidf_68",
    "tfidf_69",
    "tfidf_70",
    "tfidf_71",
    "tfidf_72",
    "tfidf_73",
    "tfidf_74",
    "tfidf_75",
    "tfidf_76",
    "tfidf_77",
    "tfidf_78",
    "tfidf_79",
    "tfidf_80",
    "tfidf_81",
    "tfidf_82",
    "tfidf_83",
    "tfidf_84",
    "tfidf_85",
    "tfidf_86",
    "tfidf_87",
    "tfidf_88",
    "tfidf_89",
    "tfidf_90",
    "tfidf_91",
    "tfidf_92",
    "tfidf_93",
    "tfidf_94",
    "tfidf_95",
    "tfidf_96",
    "tfidf_97",
    "tfidf_98",
    "tfidf_99",
    "tfidf_100",
    "tfidf_101",
    "tfidf_102",
    "tfidf_103",
    "tfidf_104",
    "tfidf_105",
    "tfidf_106",
    "tfidf_107",
    "tfidf_108",
    "tfidf_109",
    "tfidf_110",
    "tfidf_111",
    "tfidf_112",
    "tfidf_113",
    "tfidf_114",
    "tfidf_115",
    "tfidf_116",
    "tfidf_117",
    "tfidf_118",
    "tfidf_119",
    "tfidf_120",
    "tfidf_121",
    "tfidf_122",
    "tfidf_123",
    "tfidf_124",
    "tfidf_125",
    "tfidf_126",
    "tfidf_127",
    "tfidf_128",
    "tfidf_129",
    "tfidf_130",
    "tfidf_131",
    "tfidf_132",
    "tfidf_133",
    "tfidf_134",
    "tfidf_135",
    "tfidf_136",
    "tfidf_137",
    "tfidf_138",
    "tfidf_139",
    "tfidf_140",
    "tfidf_141",
    "tfidf_142",
    "tfidf_143",
    "tfidf_144",
    "tfidf_145",
    "tfidf_146",
    "tfidf_147",
    "tfidf_148",
    "tfidf_149",
    "tfidf_150",
    "tfidf_151",
    "tfidf_152",
    "tfidf_153",
    "tfidf_154",
    "tfidf_155",
    "tfidf_156",
    "tfidf_157",
    "tfidf_158",
    "tfidf_159",
    "tfidf_160",
    "tfidf_161",
    "tfidf_162",
    "tfidf_163",
    "tfidf_164",
    "tfidf_165",
    "tfidf_166",
    "tfidf_167",
    "tfidf_168",
    "tfidf_169",
    "tfidf_170",
    "tfidf_171",
    "tfidf_172",
    "tfidf_173",
    "tfidf_174",
    "tfidf_175",
    "tfidf_176",
    "tfidf_177",
    "tfidf_178",
    "tfidf_179",
    "tfidf_180",
    "tfidf_181",
    "tfidf_182",
    "tfidf_183",
    "tfidf_184",
    "tfidf_185",
    "tfidf_186",
    "tfidf_187",
    "tfidf_188",
    "tfidf_189",
    "tfidf_190",
    "tfidf_191",
    "tfidf_192",
    "tfidf_193",
    "tfidf_194",
    "tfidf_195",
    "tfidf_196",
    "tfidf_197",
    "tfidf_198",
    "tfidf_199",
    "tfidf_200",
    "tfidf_201",
    "tfidf_202",
    "tfidf_203",
    "tfidf_204",
    "tfidf_205",
    "tfidf_206",
    "tfidf_207",
    "tfidf_208",
    "tfidf_209",
    "tfidf_210",
    "tfidf_211",
    "tfidf_212",
    "tfidf_213",
    "tfidf_214",
    "tfidf_215",
    "tfidf_216",
    "tfidf_217",
    "tfidf_218",
    "tfidf_219",
    "tfidf_220",
    "tfidf_221",
    "tfidf_222",
    "tfidf_223",
    "tfidf_224",
    "tfidf_225",
    "tfidf_226",
    "tfidf_227",
    "tfidf_228",
    "tfidf_229",
    "tfidf_230",
    "tfidf_231",
    "tfidf_232",
    "tfidf_233",
    "tfidf_234",
    "tfidf_235",
    "tfidf_236",
    "tfidf_237",
    "tfidf_238",
    "tfidf_239",
    "tfidf_240",
    "tfidf_241",
    "tfidf_242",
    "tfidf_243",
    "tfidf_244",
    "tfidf_245",
    "tfidf_246",
    "tfidf_247",
    "tfidf_248",
    "tfidf_249",
    "tfidf_250",
    "tfidf_251",
    "tfidf_252",
    "tfidf_253",
    "tfidf_254",
    "tfidf_255",
    "tfidf_256",
    "tfidf_257",
    "tfidf_258",
    "tfidf_259",
    "tfidf_260",
    "tfidf_261",
    "tfidf_262",
    "tfidf_263",
    "tfidf_264",
    "tfidf_265",
    "tfidf_266",
    "tfidf_267",
    "tfidf_268",
    "tfidf_269",
    "tfidf_270",
    "tfidf_271",
    "tfidf_272",
    "tfidf_273",
    "tfidf_274",
    "tfidf_275",
    "tfidf_276",
    "tfidf_277",
    "tfidf_278",
    "tfidf_279",
    "tfidf_280",
    "tfidf_281",
    "tfidf_282",
    "tfidf_283",
    "tfidf_284",
    "tfidf_285",
    "tfidf_286",
    "tfidf_287",
    "tfidf_288",
    "tfidf_289",
    "tfidf_290",
    "tfidf_291",
    "tfidf_292",
    "tfidf_293",
    "tfidf_294",
    "tfidf_295",
    "tfidf_296",
    "tfidf_297",
    "tfidf_298",
    "tfidf_299",
    "tfidf_300",
    "tfidf_301",
    "tfidf_302",
    "tfidf_303",
    "tfidf_304",
    "tfidf_305",
    "tfidf_306",
    "tfidf_307",
    "tfidf_308",
    "tfidf_309",
    "tfidf_310",
    "tfidf_311",
    "tfidf_312",
    "tfidf_313",
    "tfidf_314",
    "tfidf_315",
    "tfidf_316",
    "tfidf_317",
    "tfidf_318",
    "tfidf_319",
    "tfidf_320",
    "tfidf_321",
    "tfidf_322",
    "tfidf_323",
    "tfidf_324",
    "tfidf_325",
    "tfidf_326",
    "tfidf_327",
    "tfidf_328",
    "tfidf_329",
    "tfidf_330",
    "tfidf_331",
    "tfidf_332",
    "tfidf_333",
    "tfidf_334",
    "tfidf_335",
    "tfidf_336",
    "tfidf_337",
    "tfidf_338",
    "tfidf_339",
    "tfidf_340",
    "tfidf_341",
    "tfidf_342",
    "tfidf_343",
    "tfidf_344",
    "tfidf_345",
    "tfidf_346",
    "tfidf_347",
    "tfidf_348",
    "tfidf_349",
    "tfidf_350",
    "tfidf_351",
    "tfidf_352",
    "tfidf_353",
    "tfidf_354",
    "tfidf_355",
    "tfidf_356",
    "tfidf_357",
    "tfidf_358",
    "tfidf_359",
    "tfidf_360",
    "tfidf_361",
    "tfidf_362",
    "tfidf_363",
    "tfidf_364",
    "tfidf_365",
    "tfidf_366",
    "tfidf_367",
    "tfidf_368",
    "tfidf_369",
    "tfidf_370",
    "tfidf_371",
    "tfidf_372",
    "tfidf_373",
    "tfidf_374",
    "tfidf_375",
    "tfidf_376",
    "tfidf_377",
    "tfidf_378",
    "tfidf_379",
    "tfidf_380",
    "tfidf_381",
    "tfidf_382",
    "tfidf_383",
    "tfidf_384",
    "tfidf_385",
    "tfidf_386",
    "tfidf_387",
    "tfidf_388",
    "tfidf_389",
    "tfidf_390",
    "tfidf_391",
    "tfidf_392",
    "tfidf_393",
    "tfidf_394",
    "tfidf_395",
    "tfidf_396",
    "tfidf_397",
    "tfidf_398",
    "tfidf_399",
    "tfidf_400",
    "tfidf_401",
    "tfidf_402",
    "tfidf_403",
    "tfidf_404",
    "tfidf_405",
    "tfidf_406",
    "tfidf_407",
    "tfidf_408",
    "tfidf_409",
    "tfidf_410",
    "tfidf_411",
    "tfidf_412",
    "tfidf_413",
    "tfidf_414",
    "tfidf_415",
    "tfidf_416",
    "tfidf_417",
    "tfidf_418",
    "tfidf_419",
    "tfidf_420",
    "tfidf_421",
    "tfidf_422",
    "tfidf_423",
    "tfidf_424",
    "tfidf_425",
    "tfidf_426",
    "tfidf_427",
    "tfidf_428",
    "tfidf_429",
    "tfidf_430",
    "tfidf_431",
    "tfidf_432",
    "tfidf_433",
    "tfidf_434",
    "tfidf_435",
    "tfidf_436",
    "tfidf_437",
    "tfidf_438",
    "tfidf_439",
    "tfidf_440",
    "tfidf_441",
    "tfidf_442",
    "tfidf_443",
    "tfidf_444",
    "tfidf_445",
    "tfidf_446",
    "tfidf_447",
    "tfidf_448",
    "tfidf_449",
    "tfidf_450",
    "tfidf_451",
    "tfidf_452",
    "tfidf_453",
    "tfidf_454",
    "tfidf_455",
    "tfidf_456",
    "tfidf_457",
    "tfidf_458",
    "tfidf_459",
    "tfidf_460",
    "tfidf_461",
    "tfidf_462",
    "tfidf_463",
    "tfidf_464",
    "tfidf_465",
    "tfidf_466",
    "tfidf_467",
    "tfidf_468",
    "tfidf_469",
    "tfidf_470",
    "tfidf_471",
    "tfidf_472",
    "tfidf_473",
    "tfidf_474",
    "tfidf_475",
    "tfidf_476",
    "tfidf_477",
    "tfidf_478",
    "tfidf_479",
    "tfidf_480",
    "tfidf_481",
    "tfidf_482",
    "tfidf_483",
    "tfidf_484",
    "tfidf_485",
    "tfidf_486",
    "tfidf_487",
    "tfidf_488",
    "tfidf_489",
    "tfidf_490",
    "tfidf_491",
    "tfidf_492",
    "tfidf_493",
    "tfidf_494",
    "tfidf_495",
    "tfidf_496",
    "tfidf_497",
    "tfidf_498",
    "tfidf_499",
    "tfidf_500",
    "tfidf_501",
    "tfidf_502",
    "tfidf_503",
    "tfidf_504",
    "tfidf_505",
    "tfidf_506",
    "tfidf_507",
    "tfidf_508",
    "tfidf_509",
    "tfidf_510",
    "tfidf_511",
    "tfidf_512",
    "tfidf_513",
    "tfidf_514",
    "tfidf_515",
    "tfidf_516",
    "tfidf_517",
    "tfidf_518",
    "tfidf_519",
    "tfidf_520",
    "tfidf_521",
    "tfidf_522",
    "tfidf_523",
    "tfidf_524",
    "tfidf_525",
    "tfidf_526",
    "tfidf_527",
    "tfidf_528",
    "tfidf_529",
    "tfidf_530",
    "tfidf_531",
    "tfidf_532",
    "tfidf_533",
    "tfidf_534",
    "tfidf_535",
    "tfidf_536",
    "tfidf_537",
    "tfidf_538",
    "tfidf_539",
    "tfidf_540",
    "tfidf_541",
    "tfidf_542",
    "tfidf_543",
    "tfidf_544",
    "tfidf_545",
    "tfidf_546",
    "tfidf_547",
    "tfidf_548",
    "tfidf_549",
    "tfidf_550",
    "tfidf_551",
    "tfidf_552",
    "tfidf_553",
    "tfidf_554",
    "tfidf_555",
    "tfidf_556",
    "tfidf_557",
    "tfidf_558",
    "tfidf_559",
    "tfidf_560",
    "tfidf_561",
    "tfidf_562",
    "tfidf_563",
    "tfidf_564",
    "tfidf_565",
    "tfidf_566",
    "tfidf_567",
    "tfidf_568",
    "tfidf_569",
    "tfidf_570",
    "tfidf_571",
    "tfidf_572",
    "tfidf_573",
    "tfidf_574",
    "tfidf_575",
    "tfidf_576",
    "tfidf_577",
    "tfidf_578",
    "tfidf_579",
    "tfidf_580",
    "tfidf_581",
    "tfidf_582",
    "tfidf_583",
    "tfidf_584",
    "tfidf_585",
    "tfidf_586",
    "tfidf_587",
    "tfidf_588",
    "tfidf_589",
    "tfidf_590",
    "tfidf_591",
    "tfidf_592",
    "tfidf_593",
    "tfidf_594",
    "tfidf_595",
    "tfidf_596",
    "tfidf_597",
    "tfidf_598",
    "tfidf_599",
    "tfidf_600",
    "tfidf_601",
    "tfidf_602",
    "tfidf_603",
    "tfidf_604",
    "tfidf_605",
    "tfidf_606",
    "tfidf_607",
    "tfidf_608",
    "tfidf_609",
    "tfidf_610",
    "tfidf_611",
    "tfidf_612",
    "tfidf_613",
    "tfidf_614",
    "tfidf_615",
    "tfidf_616",
    "tfidf_617",
    "tfidf_618",
    "tfidf_619",
    "tfidf_620",
    "tfidf_621",
    "tfidf_622",
    "tfidf_623",
    "tfidf_624",
    "tfidf_625",
    "tfidf_626",
    "tfidf_627",
    "tfidf_628",
    "tfidf_629",
    "tfidf_630",
    "tfidf_631",
    "tfidf_632",
    "tfidf_633",
    "tfidf_634",
    "tfidf_635",
    "tfidf_636",
    "tfidf_637",
    "tfidf_638",
    "tfidf_639",
    "tfidf_640",
    "tfidf_641",
    "tfidf_642",
    "tfidf_643",
    "tfidf_644",
    "tfidf_645",
    "tfidf_646",
    "tfidf_647",
    "tfidf_648",
    "tfidf_649",
    "tfidf_650",
    "tfidf_651",
    "tfidf_652",
    "tfidf_653",
    "tfidf_654",
    "tfidf_655",
    "tfidf_656",
    "tfidf_657",
    "tfidf_658",
    "tfidf_659",
    "tfidf_660",
    "tfidf_661",
    "tfidf_662",
    "tfidf_663",
    "tfidf_664",
    "tfidf_665",
    "tfidf_666",
    "tfidf_667",
    "tfidf_668",
    "tfidf_669",
    "tfidf_670",
    "tfidf_671",
    "tfidf_672",
    "tfidf_673",
    "tfidf_674",
    "tfidf_675",
    "tfidf_676",
    "tfidf_677",
    "tfidf_678",
    "tfidf_679",
    "tfidf_680",
    "tfidf_681",
    "tfidf_682",
    "tfidf_683",
    "tfidf_684",
    "tfidf_685",
    "tfidf_686",
    "tfidf_687",
    "tfidf_688",
    "tfidf_689",
    "tfidf_690",
    "tfidf_691",
    "tfidf_692",
    "tfidf_693",
    "tfidf_694",
    "tfidf_695",
    "tfidf_696",
    "tfidf_697",
    "tfidf_698",
    "tfidf_699",
    "tfidf_700",
    "tfidf_701",
    "tfidf_702",
    "tfidf_703",
    "tfidf_704",
    "tfidf_705",
    "tfidf_706",
    "tfidf_707",
    "tfidf_708",
    "tfidf_709",
    "tfidf_710",
    "tfidf_711",
    "tfidf_712",
    "tfidf_713",
    "tfidf_714",
    "tfidf_715",
    "tfidf_716",
    "tfidf_717",
    "tfidf_718",
    "tfidf_719",
    "tfidf_720",
    "tfidf_721",
    "tfidf_722",
    "tfidf_723",
    "tfidf_724",
    "tfidf_725",
    "tfidf_726",
    "tfidf_727",
    "tfidf_728",
    "tfidf_729",
    "tfidf_730",
    "tfidf_731",
    "tfidf_732",
    "tfidf_733",
    "tfidf_734",
    "tfidf_735",
    "tfidf_736",
    "tfidf_737",
    "tfidf_738",
    "tfidf_739",
    "tfidf_740",
    "tfidf_741",
    "tfidf_742",
    "tfidf_743",
    "tfidf_744",
    "tfidf_745",
    "tfidf_746",
    "tfidf_747",
    "tfidf_748",
    "tfidf_749",
    "tfidf_750",
    "tfidf_751",
    "tfidf_752",
    "tfidf_753",
    "tfidf_754",
    "tfidf_755",
    "tfidf_756",
    "tfidf_757",
    "tfidf_758",
    "tfidf_759",
    "tfidf_760",
    "tfidf_761",
    "tfidf_762",
    "tfidf_763",
    "tfidf_764",
    "tfidf_765",
    "tfidf_766",
    "tfidf_767",
    "tfidf_768",
    "tfidf_769",
    "tfidf_770",
    "tfidf_771",
    "tfidf_772",
    "tfidf_773",
    "tfidf_774",
    "tfidf_775",
    "tfidf_776",
    "tfidf_777",
    "tfidf_778",
    "tfidf_779",
    "tfidf_780",
    "tfidf_781",
    "tfidf_782",
    "tfidf_783",
    "tfidf_784",
    "tfidf_785",
    "tfidf_786",
    "tfidf_787",
    "tfidf_788",
    "tfidf_789",
    "tfidf_790",
    "tfidf_791",
    "tfidf_792",
    "tfidf_793",
    "tfidf_794",
    "tfidf_795",
    "tfidf_796",
    "tfidf_797",
    "tfidf_798",
    "tfidf_799",
    "tfidf_800",
    "tfidf_801",
    "tfidf_802",
    "tfidf_803",
    "tfidf_804",
    "tfidf_805",
    "tfidf_806",
    "tfidf_807",
    "tfidf_808",
    "tfidf_809",
    "tfidf_810",
    "tfidf_811",
    "tfidf_812",
    "tfidf_813",
    "tfidf_814",
    "tfidf_815",
    "tfidf_816",
    "tfidf_817",
    "tfidf_818",
    "tfidf_819",
    "tfidf_820",
    "tfidf_821",
    "tfidf_822",
    "tfidf_823",
    "tfidf_824",
    "tfidf_825",
    "tfidf_826",
    "tfidf_827",
    "tfidf_828",
    "tfidf_829",
    "tfidf_830",
    "tfidf_831",
    "tfidf_832",
    "tfidf_833",
    "tfidf_834",
    "tfidf_835",
    "tfidf_836",
    "tfidf_837",
    "tfidf_838",
    "tfidf_839",
    "tfidf_840",
    "tfidf_841",
    "tfidf_842",
    "tfidf_843",
    "tfidf_844",
    "tfidf_845",
    "tfidf_846",
    "tfidf_847",
    "tfidf_848",
    "tfidf_849",
    "tfidf_850",
    "tfidf_851",
    "tfidf_852",
    "tfidf_853",
    "tfidf_854",
    "tfidf_855",
    "tfidf_856",
    "tfidf_857",
    "tfidf_858",
    "tfidf_859",
    "tfidf_860",
    "tfidf_861",
    "tfidf_862",
    "tfidf_863",
    "tfidf_864",
    "tfidf_865",
    "tfidf_866",
    "tfidf_867",
    "tfidf_868",
    "tfidf_869",
    "tfidf_870",
    "tfidf_871",
    "tfidf_872",
    "tfidf_873",
    "tfidf_874",
    "tfidf_875",
    "tfidf_876",
    "tfidf_877",
    "tfidf_878",
    "tfidf_879",
    "tfidf_880",
    "tfidf_881",
    "tfidf_882",
    "tfidf_883",
    "tfidf_884",
    "tfidf_885",
    "tfidf_886",
    "tfidf_887",
    "tfidf_888",
    "tfidf_889",
    "tfidf_890",
    "tfidf_891",
    "tfidf_892",
    "tfidf_893",
    "tfidf_894",
    "tfidf_895",
    "tfidf_896",
    "tfidf_897",
    "tfidf_898",
    "tfidf_899",
    "tfidf_900",
    "tfidf_901",
    "tfidf_902",
    "tfidf_903",
    "tfidf_904",
    "tfidf_905",
    "tfidf_906",
    "tfidf_907",
    "tfidf_908",
    "tfidf_909",
    "tfidf_910",
    "tfidf_911",
    "tfidf_912",
    "tfidf_913",
    "tfidf_914",
    "tfidf_915",
    "tfidf_916",
    "tfidf_917",
    "tfidf_918",
    "tfidf_919",
    "tfidf_920",
    "tfidf_921",
    "tfidf_922",
    "tfidf_923",
    "tfidf_924",
    "tfidf_925",
    "tfidf_926",
    "tfidf_927",
    "tfidf_928",
    "tfidf_929",
    "tfidf_930",
    "tfidf_931",
    "tfidf_932",
    "tfidf_933",
    "tfidf_934",
    "tfidf_935",
    "tfidf_936",
    "tfidf_937",
    "tfidf_938",
    "tfidf_939",
    "tfidf_940",
    "tfidf_941",
    "tfidf_942",
    "tfidf_943",
    "tfidf_944",
    "tfidf_945",
    "tfidf_946",
    "tfidf_947",
    "tfidf_948",
    "tfidf_949",
    "tfidf_950",
    "tfidf_951",
    "tfidf_952",
    "tfidf_953",
    "tfidf_954",
    "tfidf_955",
    "tfidf_956",
    "tfidf_957",
    "tfidf_958",
    "tfidf_959",
    "tfidf_960",
    "tfidf_961",
    "tfidf_962",
    "tfidf_963",
    "tfidf_964",
    "tfidf_965",
    "tfidf_966",
    "tfidf_967",
    "tfidf_968",
    "tfidf_969",
    "tfidf_970",
    "tfidf_971",
    "tfidf_972",
    "tfidf_973",
    "tfidf_974",
    "tfidf_975",
    "tfidf_976",
    "tfidf_977",
    "tfidf_978",
    "tfidf_979",
    "tfidf_980",
    "tfidf_981",
    "tfidf_982",
    "tfidf_983",
    "tfidf_984",
    "tfidf_985",
    "tfidf_986",
    "tfidf_987",
    "tfidf_988",
    "tfidf_989",
    "tfidf_990",
    "tfidf_991",
    "tfidf_992",
    "tfidf_993",
    "tfidf_994",
    "tfidf_995",
    "tfidf_996",
    "tfidf_997",
    "tfidf_998",
    "tfidf_999",
    "tfidf_1000",
    "tfidf_1001",
    "tfidf_1002",
    "tfidf_1003",
    "tfidf_1004",
    "tfidf_1005",
    "tfidf_1006",
    "tfidf_1007",
    "tfidf_1008",
    "tfidf_1009",
    "tfidf_1010",
    "tfidf_1011",
    "tfidf_1012",
    "tfidf_1013",
    "tfidf_1014",
    "tfidf_1015",
    "tfidf_1016",
    "tfidf_1017",
    "tfidf_1018",
    "tfidf_1019",
    "tfidf_1020",
    "tfidf_1021",
    "tfidf_1022",
    "tfidf_1023",
    "tfidf_1024",
    "tfidf_1025",
    "tfidf_1026",
    "tfidf_1027",
    "tfidf_1028",
    "tfidf_1029",
    "tfidf_1030",
    "tfidf_1031",
    "tfidf_1032",
    "tfidf_1033",
    "tfidf_1034",
    "tfidf_1035",
    "tfidf_1036",
    "tfidf_1037",
    "tfidf_1038",
    "tfidf_1039",
    "tfidf_1040",
    "tfidf_1041",
    "tfidf_1042",
    "tfidf_1043",
    "tfidf_1044",
    "tfidf_1045",
    "tfidf_1046",
    "tfidf_1047",
    "tfidf_1048",
    "tfidf_1049",
    "tfidf_1050",
    "tfidf_1051",
    "tfidf_1052",
    "tfidf_1053",
    "tfidf_1054",
    "tfidf_1055",
    "tfidf_1056",
    "tfidf_1057",
    "tfidf_1058",
    "tfidf_1059",
    "tfidf_1060",
    "tfidf_1061",
    "tfidf_1062",
    "tfidf_1063",
    "tfidf_1064",
    "tfidf_1065",
    "tfidf_1066",
    "tfidf_1067",
    "tfidf_1068",
    "tfidf_1069",
    "tfidf_1070",
    "tfidf_1071",
    "tfidf_1072",
    "tfidf_1073",
    "tfidf_1074",
    "tfidf_1075",
    "tfidf_1076",
    "tfidf_1077",
    "tfidf_1078",
    "tfidf_1079",
    "tfidf_1080",
    "tfidf_1081",
    "tfidf_1082",
    "tfidf_1083",
    "tfidf_1084",
    "tfidf_1085",
    "tfidf_1086",
    "tfidf_1087",
    "tfidf_1088",
    "tfidf_1089",
    "tfidf_1090",
    "tfidf_1091",
    "tfidf_1092",
    "tfidf_1093",
    "tfidf_1094",
    "tfidf_1095",
    "tfidf_1096",
    "tfidf_1097",
    "tfidf_1098",
    "tfidf_1099",
    "tfidf_1100",
    "tfidf_1101",
    "tfidf_1102",
    "tfidf_1103",
    "tfidf_1104",
    "tfidf_1105",
    "tfidf_1106",
    "tfidf_1107",
    "tfidf_1108",
    "tfidf_1109",
    "tfidf_1110",
    "tfidf_1111",
    "tfidf_1112",
    "tfidf_1113",
    "tfidf_1114",
    "tfidf_1115",
    "tfidf_1116",
    "tfidf_1117",
    "tfidf_1118",
    "tfidf_1119",
    "tfidf_1120",
    "tfidf_1121",
    "tfidf_1122",
    "tfidf_1123",
    "tfidf_1124",
    "tfidf_1125",
    "tfidf_1126",
    "tfidf_1127",
    "tfidf_1128",
    "tfidf_1129",
    "tfidf_1130",
    "tfidf_1131",
    "tfidf_1132",
    "tfidf_1133",
    "tfidf_1134",
    "tfidf_1135",
    "tfidf_1136",
    "tfidf_1137",
    "tfidf_1138",
    "tfidf_1139",
    "tfidf_1140",
    "tfidf_1141",
    "tfidf_1142",
    "tfidf_1143",
    "tfidf_1144",
    "tfidf_1145",
    "tfidf_1146",
    "tfidf_1147",
    "tfidf_1148",
    "tfidf_1149",
    "tfidf_1150",
    "tfidf_1151",
    "tfidf_1152",
    "tfidf_1153",
    "tfidf_1154",
    "tfidf_1155",
    "tfidf_1156",
    "tfidf_1157",
    "tfidf_1158",
    "tfidf_1159",
    "tfidf_1160",
    "tfidf_1161",
    "tfidf_1162",
    "tfidf_1163",
    "tfidf_1164",
    "tfidf_1165",
    "tfidf_1166",
    "tfidf_1167",
    "tfidf_1168",
    "tfidf_1169",
    "tfidf_1170",
    "tfidf_1171",
    "tfidf_1172",
    "tfidf_1173",
    "tfidf_1174",
    "tfidf_1175",
    "tfidf_1176",
    "tfidf_1177",
    "tfidf_1178",
    "tfidf_1179",
    "tfidf_1180",
    "tfidf_1181",
    "tfidf_1182",
    "tfidf_1183",
    "tfidf_1184",
    "tfidf_1185",
    "tfidf_1186",
    "tfidf_1187",
    "tfidf_1188",
    "tfidf_1189",
    "tfidf_1190",
    "tfidf_1191",
    "tfidf_1192",
    "tfidf_1193",
    "tfidf_1194",
    "tfidf_1195",
    "tfidf_1196",
    "tfidf_1197",
    "tfidf_1198",
    "tfidf_1199",
    "tfidf_1200",
    "tfidf_1201",
    "tfidf_1202",
    "tfidf_1203",
    "tfidf_1204",
    "tfidf_1205",
    "tfidf_1206",
    "tfidf_1207",
    "tfidf_1208",
    "tfidf_1209",
    "tfidf_1210",
    "tfidf_1211",
    "tfidf_1212",
    "tfidf_1213",
    "tfidf_1214",
    "tfidf_1215",
    "tfidf_1216",
    "tfidf_1217",
    "tfidf_1218",
    "tfidf_1219",
    "tfidf_1220",
    "tfidf_1221",
    "tfidf_1222",
    "tfidf_1223",
    "tfidf_1224",
    "tfidf_1225",
    "tfidf_1226",
    "tfidf_1227",
    "tfidf_1228",
    "tfidf_1229",
    "tfidf_1230",
    "tfidf_1231",
    "tfidf_1232",
    "tfidf_1233",
    "tfidf_1234",
    "tfidf_1235",
    "tfidf_1236",
    "tfidf_1237",
    "tfidf_1238",
    "tfidf_1239",
    "tfidf_1240",
    "tfidf_1241",
    "tfidf_1242",
    "tfidf_1243",
    "tfidf_1244",
    "tfidf_1245",
    "tfidf_1246",
    "tfidf_1247",
    "tfidf_1248",
    "tfidf_1249",
    "tfidf_1250",
    "tfidf_1251",
    "tfidf_1252",
    "tfidf_1253",
    "tfidf_1254",
    "tfidf_1255",
    "tfidf_1256",
    "tfidf_1257",
    "tfidf_1258",
    "tfidf_1259",
    "tfidf_1260",
    "tfidf_1261",
    "tfidf_1262",
    "tfidf_1263",
    "tfidf_1264",
    "tfidf_1265",
    "tfidf_1266",
    "tfidf_1267",
    "tfidf_1268",
    "tfidf_1269",
    "tfidf_1270",
    "tfidf_1271",
    "tfidf_1272",
    "tfidf_1273",
    "tfidf_1274",
    "tfidf_1275",
    "tfidf_1276",
    "tfidf_1277",
    "tfidf_1278",
    "tfidf_1279",
    "tfidf_1280",
    "tfidf_1281",
    "tfidf_1282",
    "tfidf_1283",
    "tfidf_1284",
    "tfidf_1285",
    "tfidf_1286",
    "tfidf_1287",
    "tfidf_1288",
    "tfidf_1289",
    "tfidf_1290",
    "tfidf_1291",
    "tfidf_1292",
    "tfidf_1293",
    "tfidf_1294",
    "tfidf_1295",
    "tfidf_1296",
    "tfidf_1297",
    "tfidf_1298",
    "tfidf_1299",
    "tfidf_1300",
    "tfidf_1301",
    "tfidf_1302",
    "tfidf_1303",
    "tfidf_1304",
    "tfidf_1305",
    "tfidf_1306",
    "tfidf_1307",
    "tfidf_1308",
    "tfidf_1309",
    "tfidf_1310",
    "tfidf_1311",
    "tfidf_1312",
    "tfidf_1313",
    "tfidf_1314",
    "tfidf_1315",
    "tfidf_1316",
    "tfidf_1317",
    "tfidf_1318",
    "tfidf_1319",
    "tfidf_1320",
    "tfidf_1321",
    "tfidf_1322",
    "tfidf_1323",
    "tfidf_1324",
    "tfidf_1325",
    "tfidf_1326",
    "tfidf_1327",
    "tfidf_1328",
    "tfidf_1329",
    "tfidf_1330",
    "tfidf_1331",
    "tfidf_1332",
    "tfidf_1333",
    "tfidf_1334",
    "tfidf_1335",
    "tfidf_1336",
    "tfidf_1337",
    "tfidf_1338",
    "tfidf_1339",
    "tfidf_1340",
    "tfidf_1341",
    "tfidf_1342",
    "tfidf_1343",
    "tfidf_1344",
    "tfidf_1345",
    "tfidf_1346",
    "tfidf_1347",
    "tfidf_1348",
    "tfidf_1349",
    "tfidf_1350",
    "tfidf_1351",
    "tfidf_1352",
    "tfidf_1353",
    "tfidf_1354",
    "tfidf_1355",
    "tfidf_1356",
    "tfidf_1357",
    "tfidf_1358",
    "tfidf_1359",
    "tfidf_1360",
    "tfidf_1361",
    "tfidf_1362",
    "tfidf_1363",
    "tfidf_1364",
    "tfidf_1365",
    "tfidf_1366",
    "tfidf_1367",
    "tfidf_1368",
    "tfidf_1369",
    "tfidf_1370",
    "tfidf_1371",
    "tfidf_1372",
    "tfidf_1373",
    "tfidf_1374",
    "tfidf_1375",
    "tfidf_1376",
    "tfidf_1377",
    "tfidf_1378",
    "tfidf_1379",
    "tfidf_1380",
    "tfidf_1381",
    "tfidf_1382",
    "tfidf_1383",
    "tfidf_1384",
    "tfidf_1385",
    "tfidf_1386",
    "tfidf_1387",
    "tfidf_1388",
    "tfidf_1389",
    "tfidf_1390",
    "tfidf_1391",
    "tfidf_1392",
    "tfidf_1393",
    "tfidf_1394",
    "tfidf_1395",
    "tfidf_1396",
    "tfidf_1397",
    "tfidf_1398",
    "tfidf_1399",
    "tfidf_1400",
    "tfidf_1401",
    "tfidf_1402",
    "tfidf_1403",
    "tfidf_1404",
    "tfidf_1405",
    "tfidf_1406",
    "tfidf_1407",
    "tfidf_1408",
    "tfidf_1409",
    "tfidf_1410",
    "tfidf_1411",
    "tfidf_1412",
    "tfidf_1413",
    "tfidf_1414",
    "tfidf_1415",
    "tfidf_1416",
    "tfidf_1417",
    "tfidf_1418",
    "tfidf_1419",
    "tfidf_1420",
    "tfidf_1421",
    "tfidf_1422",
    "tfidf_1423",
    "tfidf_1424",
    "tfidf_1425",
    "tfidf_1426",
    "tfidf_1427",
    "tfidf_1428",
    "tfidf_1429",
    "tfidf_1430",
    "tfidf_1431",
    "tfidf_1432",
    "tfidf_1433",
    "tfidf_1434",
    "tfidf_1435",
    "tfidf_1436",
    "tfidf_1437",
    "tfidf_1438",
    "tfidf_1439",
    "tfidf_1440",
    "tfidf_1441",
    "tfidf_1442",
    "tfidf_1443",
    "tfidf_1444",
    "tfidf_1445",
    "tfidf_1446",
    "tfidf_1447",
    "tfidf_1448",
    "tfidf_1449",
    "tfidf_1450",
    "tfidf_1451",
    "tfidf_1452",
    "tfidf_1453",
    "tfidf_1454",
    "tfidf_1455",
    "tfidf_1456",
    "tfidf_1457",
    "tfidf_1458",
    "tfidf_1459",
    "tfidf_1460",
    "tfidf_1461",
    "tfidf_1462",
    "tfidf_1463",
    "tfidf_1464",
    "tfidf_1465",
    "tfidf_1466",
    "tfidf_1467",
    "tfidf_1468",
    "tfidf_1469",
    "tfidf_1470",
    "tfidf_1471",
    "tfidf_1472",
    "tfidf_1473",
    "tfidf_1474",
    "tfidf_1475",
    "tfidf_1476",
    "tfidf_1477",
    "tfidf_1478",
    "tfidf_1479",
    "tfidf_1480",
    "tfidf_1481",
    "tfidf_1482",
    "tfidf_1483",
    "tfidf_1484",
    "tfidf_1485",
    "tfidf_1486",
    "tfidf_1487",
    "tfidf_1488",
    "tfidf_1489",
    "tfidf_1490",
    "tfidf_1491",
    "tfidf_1492",
    "tfidf_1493",
    "tfidf_1494",
    "tfidf_1495",
    "tfidf_1496",
    "tfidf_1497",
    "tfidf_1498",
    "tfidf_1499",
    "tfidf_1500",
    "tfidf_1501",
    "tfidf_1502",
    "tfidf_1503",
    "tfidf_1504",
    "tfidf_1505",
    "tfidf_1506",
    "tfidf_1507",
    "tfidf_1508",
    "tfidf_1509",
    "tfidf_1510",
    "tfidf_1511",
    "tfidf_1512",
    "tfidf_1513",
    "tfidf_1514",
    "tfidf_1515",
    "tfidf_1516",
    "tfidf_1517",
    "tfidf_1518",
    "tfidf_1519",
    "tfidf_1520",
    "tfidf_1521",
    "tfidf_1522",
    "tfidf_1523",
    "tfidf_1524",
    "tfidf_1525",
    "tfidf_1526",
    "tfidf_1527",
    "tfidf_1528",
    "tfidf_1529",
    "tfidf_1530",
    "tfidf_1531",
    "tfidf_1532",
    "tfidf_1533",
    "tfidf_1534",
    "tfidf_1535",
    "tfidf_1536",
    "tfidf_1537",
    "tfidf_1538",
    "tfidf_1539",
    "tfidf_1540",
    "tfidf_1541",
    "tfidf_1542",
    "tfidf_1543",
    "tfidf_1544",
    "tfidf_1545",
    "tfidf_1546",
    "tfidf_1547",
    "tfidf_1548",
    "tfidf_1549",
    "tfidf_1550",
    "tfidf_1551",
    "tfidf_1552",
    "tfidf_1553",
    "tfidf_1554",
    "tfidf_1555",
    "tfidf_1556",
    "tfidf_1557",
    "tfidf_1558",
    "tfidf_1559",
    "tfidf_1560",
    "tfidf_1561",
    "tfidf_1562",
    "tfidf_1563",
    "tfidf_1564",
    "tfidf_1565",
    "tfidf_1566",
    "tfidf_1567",
    "tfidf_1568",
    "tfidf_1569",
    "tfidf_1570",
    "tfidf_1571",
    "tfidf_1572",
    "tfidf_1573",
    "tfidf_1574",
    "tfidf_1575",
    "tfidf_1576",
    "tfidf_1577",
    "tfidf_1578",
    "tfidf_1579",
    "tfidf_1580",
    "tfidf_1581",
    "tfidf_1582",
    "tfidf_1583",
    "tfidf_1584",
    "tfidf_1585",
    "tfidf_1586",
    "tfidf_1587",
    "tfidf_1588",
    "tfidf_1589",
    "tfidf_1590",
    "tfidf_1591",
    "tfidf_1592",
    "tfidf_1593",
    "tfidf_1594",
    "tfidf_1595",
    "tfidf_1596",
    "tfidf_1597",
    "tfidf_1598",
    "tfidf_1599",
    "tfidf_1600",
    "tfidf_1601",
    "tfidf_1602",
    "tfidf_1603",
    "tfidf_1604",
    "tfidf_1605",
    "tfidf_1606",
    "tfidf_1607",
    "tfidf_1608",
    "tfidf_1609",
    "tfidf_1610",
    "tfidf_1611",
    "tfidf_1612",
    "tfidf_1613",
    "tfidf_1614",
    "tfidf_1615",
    "tfidf_1616",
    "tfidf_1617",
    "tfidf_1618",
    "tfidf_1619",
    "tfidf_1620",
    "tfidf_1621",
    "tfidf_1622",
    "tfidf_1623",
    "tfidf_1624",
    "tfidf_1625",
    "tfidf_1626",
    "tfidf_1627",
    "tfidf_1628",
    "tfidf_1629",
    "tfidf_1630",
    "tfidf_1631",
    "tfidf_1632",
    "tfidf_1633",
    "tfidf_1634",
    "tfidf_1635",
    "tfidf_1636",
    "tfidf_1637",
    "tfidf_1638",
    "tfidf_1639",
    "tfidf_1640",
    "tfidf_1641",
    "tfidf_1642",
    "tfidf_1643",
    "tfidf_1644",
    "tfidf_1645",
    "tfidf_1646",
    "tfidf_1647",
    "tfidf_1648",
    "tfidf_1649",
    "tfidf_1650",
    "tfidf_1651",
    "tfidf_1652",
    "tfidf_1653",
    "tfidf_1654",
    "tfidf_1655",
    "tfidf_1656",
    "tfidf_1657",
    "tfidf_1658",
    "tfidf_1659",
    "tfidf_1660",
    "tfidf_1661",
    "tfidf_1662",
    "tfidf_1663",
    "tfidf_1664",
    "tfidf_1665",
    "tfidf_1666",
    "tfidf_1667",
    "tfidf_1668",
    "tfidf_1669",
    "tfidf_1670",
    "tfidf_1671",
    "tfidf_1672",
    "tfidf_1673",
    "tfidf_1674",
    "tfidf_1675",
    "tfidf_1676",
    "tfidf_1677",
    "tfidf_1678",
    "tfidf_1679",
    "tfidf_1680",
    "tfidf_1681",
    "tfidf_1682",
    "tfidf_1683",
    "tfidf_1684",
    "tfidf_1685",
    "tfidf_1686",
    "tfidf_1687",
    "tfidf_1688",
    "tfidf_1689",
    "tfidf_1690",
    "tfidf_1691",
    "tfidf_1692",
    "tfidf_1693",
    "tfidf_1694",
    "tfidf_1695",
    "tfidf_1696",
    "tfidf_1697",
    "tfidf_1698",
    "tfidf_1699",
    "tfidf_1700",
    "tfidf_1701",
    "tfidf_1702",
    "tfidf_1703",
    "tfidf_1704",
    "tfidf_1705",
    "tfidf_1706",
    "tfidf_1707",
    "tfidf_1708",
    "tfidf_1709",
    "tfidf_1710",
    "tfidf_1711",
    "tfidf_1712",
    "tfidf_1713",
    "tfidf_1714",
    "tfidf_1715",
    "tfidf_1716",
    "tfidf_1717",
    "tfidf_1718",
    "tfidf_1719",
    "tfidf_1720",
    "tfidf_1721",
    "tfidf_1722",
    "tfidf_1723",
    "tfidf_1724",
    "tfidf_1725",
    "tfidf_1726",
    "tfidf_1727",
    "tfidf_1728",
    "tfidf_1729",
    "tfidf_1730",
    "tfidf_1731",
    "tfidf_1732",
    "tfidf_1733",
    "tfidf_1734",
    "tfidf_1735",
    "tfidf_1736",
    "tfidf_1737",
    "tfidf_1738",
    "tfidf_1739",
    "tfidf_1740",
    "tfidf_1741",
    "tfidf_1742",
    "tfidf_1743",
    "tfidf_1744",
    "tfidf_1745",
    "tfidf_1746",
    "tfidf_1747",
    "tfidf_1748",
    "tfidf_1749",
    "tfidf_1750",
    "tfidf_1751",
    "tfidf_1752",
    "tfidf_1753",
    "tfidf_1754",
    "tfidf_1755",
    "tfidf_1756",
    "tfidf_1757",
    "tfidf_1758",
    "tfidf_1759",
    "tfidf_1760",
    "tfidf_1761",
    "tfidf_1762",
    "tfidf_1763",
    "tfidf_1764",
    "tfidf_1765",
    "tfidf_1766",
    "tfidf_1767",
    "tfidf_1768",
    "tfidf_1769",
    "tfidf_1770",
    "tfidf_1771",
    "tfidf_1772",
    "tfidf_1773",
    "tfidf_1774",
    "tfidf_1775",
    "tfidf_1776",
    "tfidf_1777",
    "tfidf_1778",
    "tfidf_1779",
    "tfidf_1780",
    "tfidf_1781",
    "tfidf_1782",
    "tfidf_1783",
    "tfidf_1784",
    "tfidf_1785",
    "tfidf_1786",
    "tfidf_1787",
    "tfidf_1788",
    "tfidf_1789",
    "tfidf_1790",
    "tfidf_1791",
    "tfidf_1792",
    "tfidf_1793",
    "tfidf_1794",
    "tfidf_1795",
    "tfidf_1796",
    "tfidf_1797",
    "tfidf_1798",
    "tfidf_1799",
    "tfidf_1800",
    "tfidf_1801",
    "tfidf_1802",
    "tfidf_1803",
    "tfidf_1804",
    "tfidf_1805",
    "tfidf_1806",
    "tfidf_1807",
    "tfidf_1808",
    "tfidf_1809",
    "tfidf_1810",
    "tfidf_1811",
    "tfidf_1812",
    "tfidf_1813",
    "tfidf_1814",
    "tfidf_1815",
    "tfidf_1816",
    "tfidf_1817",
    "tfidf_1818",
    "tfidf_1819",
    "tfidf_1820",
    "tfidf_1821",
    "tfidf_1822",
    "tfidf_1823",
    "tfidf_1824",
    "tfidf_1825",
    "tfidf_1826",
    "tfidf_1827",
    "tfidf_1828",
    "tfidf_1829",
    "tfidf_1830",
    "tfidf_1831",
    "tfidf_1832",
    "tfidf_1833",
    "tfidf_1834",
    "tfidf_1835",
    "tfidf_1836",
    "tfidf_1837",
    "tfidf_1838",
    "tfidf_1839",
    "tfidf_1840",
    "tfidf_1841",
    "tfidf_1842",
    "tfidf_1843",
    "tfidf_1844",
    "tfidf_1845",
    "tfidf_1846",
    "tfidf_1847",
    "tfidf_1848",
    "tfidf_1849",
    "tfidf_1850",
    "tfidf_1851",
    "tfidf_1852",
    "tfidf_1853",
    "tfidf_1854",
    "tfidf_1855",
    "tfidf_1856",
    "tfidf_1857",
    "tfidf_1858",
    "tfidf_1859",
    "tfidf_1860",
    "tfidf_1861",
    "tfidf_1862",
    "tfidf_1863",
    "tfidf_1864",
    "tfidf_1865",
    "tfidf_1866",
    "tfidf_1867",
    "tfidf_1868",
    "tfidf_1869",
    "tfidf_1870",
    "tfidf_1871",
    "tfidf_1872",
    "tfidf_1873",
    "tfidf_1874",
    "tfidf_1875",
    "tfidf_1876",
    "tfidf_1877",
    "tfidf_1878",
    "tfidf_1879",
    "tfidf_1880",
    "tfidf_1881",
    "tfidf_1882",
    "tfidf_1883",
    "tfidf_1884",
    "tfidf_1885",
    "tfidf_1886",
    "tfidf_1887",
    "tfidf_1888",
    "tfidf_1889",
    "tfidf_1890",
    "tfidf_1891",
    "tfidf_1892",
    "tfidf_1893",
    "tfidf_1894",
    "tfidf_1895",
    "tfidf_1896",
    "tfidf_1897",
    "tfidf_1898",
    "tfidf_1899",
    "tfidf_1900",
    "tfidf_1901",
    "tfidf_1902",
    "tfidf_1903",
    "tfidf_1904",
    "tfidf_1905",
    "tfidf_1906",
    "tfidf_1907",
    "tfidf_1908",
    "tfidf_1909",
    "tfidf_1910",
    "tfidf_1911",
    "tfidf_1912",
    "tfidf_1913",
    "tfidf_1914",
    "tfidf_1915",
    "tfidf_1916",
    "tfidf_1917",
    "tfidf_1918",
    "tfidf_1919",
    "tfidf_1920",
    "tfidf_1921",
    "tfidf_1922",
    "tfidf_1923",
    "tfidf_1924",
    "tfidf_1925",
    "tfidf_1926",
    "tfidf_1927",
    "tfidf_1928",
    "tfidf_1929",
    "tfidf_1930",
    "tfidf_1931",
    "tfidf_1932",
    "tfidf_1933",
    "tfidf_1934",
    "tfidf_1935",
    "tfidf_1936",
    "tfidf_1937",
    "tfidf_1938",
    "tfidf_1939",
    "tfidf_1940",
    "tfidf_1941",
    "tfidf_1942",
    "tfidf_1943",
    "tfidf_1944",
    "tfidf_1945",
    "tfidf_1946",
    "tfidf_1947",
    "tfidf_1948",
    "tfidf_1949",
    "tfidf_1950",
    "tfidf_1951",
    "tfidf_1952",
    "tfidf_1953",
    "tfidf_1954",
    "tfidf_1955",
    "tfidf_1956",
    "tfidf_1957",
    "tfidf_1958",
    "tfidf_1959",
    "tfidf_1960",
    "tfidf_1961",
    "tfidf_1962",
    "tfidf_1963",
    "tfidf_1964",
    "tfidf_1965",
    "tfidf_1966",
    "tfidf_1967",
    "tfidf_1968",
    "tfidf_1969",
    "tfidf_1970",
    "tfidf_1971",
    "tfidf_1972",
    "tfidf_1973",
    "tfidf_1974",
    "tfidf_1975",
    "tfidf_1976",
    "tfidf_1977",
    "tfidf_1978",
    "tfidf_1979",
    "tfidf_1980",
    "tfidf_1981",
    "tfidf_1982",
    "tfidf_1983",
    "tfidf_1984",
    "tfidf_1985",
    "tfidf_1986",
    "tfidf_1987",
    "tfidf_1988",
    "tfidf_1989",
    "tfidf_1990",
    "tfidf_1991",
    "tfidf_1992",
    "tfidf_1993",
    "tfidf_1994",
    "tfidf_1995",
    "tfidf_1996",
    "tfidf_1997",
    "tfidf_1998",
    "tfidf_1999",
    "tfidf_2000",
    "tfidf_2001",
    "tfidf_2002",
    "tfidf_2003",
    "tfidf_2004",
    "tfidf_2005",
    "tfidf_2006",
    "tfidf_2007",
    "tfidf_2008",
    "tfidf_2009",
    "tfidf_2010",
    "tfidf_2011",
    "tfidf_2012",
    "tfidf_2013",
    "tfidf_2014",
    "tfidf_2015",
    "tfidf_2016",
    "tfidf_2017",
    "tfidf_2018",
    "tfidf_2019",
    "tfidf_2020",
    "tfidf_2021",
    "tfidf_2022",
    "tfidf_2023",
    "tfidf_2024",
    "tfidf_2025",
    "tfidf_2026",
    "tfidf_2027",
    "tfidf_2028",
    "tfidf_2029",
    "tfidf_2030",
    "tfidf_2031",
    "tfidf_2032",
    "tfidf_2033",
    "tfidf_2034",
    "tfidf_2035",
    "tfidf_2036",
    "tfidf_2037",
    "tfidf_2038",
    "tfidf_2039",
    "tfidf_2040",
    "tfidf_2041",
    "tfidf_2042",
    "tfidf_2043",
    "tfidf_2044",
    "tfidf_2045",
    "tfidf_2046",
    "tfidf_2047",
    "tfidf_2048",
    "tfidf_2049",
    "tfidf_2050",
    "tfidf_2051",
    "tfidf_2052",
    "tfidf_2053",
    "tfidf_2054",
    "tfidf_2055",
    "tfidf_2056",
    "tfidf_2057",
    "tfidf_2058",
    "tfidf_2059",
    "tfidf_2060",
    "tfidf_2061",
    "tfidf_2062",
    "tfidf_2063",
    "tfidf_2064",
    "tfidf_2065",
    "tfidf_2066",
    "tfidf_2067",
    "tfidf_2068",
    "tfidf_2069",
    "tfidf_2070",
    "tfidf_2071",
    "tfidf_2072",
    "tfidf_2073",
    "tfidf_2074",
    "tfidf_2075",
    "tfidf_2076",
    "tfidf_2077",
    "tfidf_2078",
    "tfidf_2079",
    "tfidf_2080",
    "tfidf_2081",
    "tfidf_2082",
    "tfidf_2083",
    "tfidf_2084",
    "tfidf_2085",
    "tfidf_2086",
    "tfidf_2087",
    "tfidf_2088",
    "tfidf_2089",
    "tfidf_2090",
    "tfidf_2091",
    "tfidf_2092",
    "tfidf_2093",
    "tfidf_2094",
    "tfidf_2095",
    "tfidf_2096",
    "tfidf_2097",
    "tfidf_2098",
    "tfidf_2099",
    "tfidf_2100",
    "tfidf_2101",
    "tfidf_2102",
    "tfidf_2103",
    "tfidf_2104",
    "tfidf_2105",
    "tfidf_2106",
    "tfidf_2107",
    "tfidf_2108",
    "tfidf_2109",
    "tfidf_2110",
    "tfidf_2111",
    "tfidf_2112",
    "tfidf_2113",
    "tfidf_2114",
    "tfidf_2115",
    "tfidf_2116",
    "tfidf_2117",
    "tfidf_2118",
    "tfidf_2119",
    "tfidf_2120",
    "tfidf_2121",
    "tfidf_2122",
    "tfidf_2123",
    "tfidf_2124",
    "tfidf_2125",
    "tfidf_2126",
    "tfidf_2127",
    "tfidf_2128",
    "tfidf_2129",
    "tfidf_2130",
    "tfidf_2131",
    "tfidf_2132",
    "tfidf_2133",
    "tfidf_2134",
    "tfidf_2135",
    "tfidf_2136",
    "tfidf_2137",
    "tfidf_2138",
    "tfidf_2139",
    "tfidf_2140",
    "tfidf_2141",
    "tfidf_2142",
    "tfidf_2143",
    "tfidf_2144",
    "tfidf_2145",
    "tfidf_2146",
    "tfidf_2147",
    "tfidf_2148",
    "tfidf_2149",
    "tfidf_2150",
    "tfidf_2151",
    "tfidf_2152",
    "tfidf_2153",
    "tfidf_2154",
    "tfidf_2155",
    "tfidf_2156",
    "tfidf_2157",
    "tfidf_2158",
    "tfidf_2159",
    "tfidf_2160",
    "tfidf_2161",
    "tfidf_2162",
    "tfidf_2163",
    "tfidf_2164",
    "tfidf_2165",
    "tfidf_2166",
    "tfidf_2167",
    "tfidf_2168",
    "tfidf_2169",
    "tfidf_2170",
    "tfidf_2171",
    "tfidf_2172",
    "tfidf_2173",
    "tfidf_2174",
    "tfidf_2175",
    "tfidf_2176",
    "tfidf_2177",
    "tfidf_2178",
    "tfidf_2179",
    "tfidf_2180",
    "tfidf_2181",
    "tfidf_2182",
    "tfidf_2183",
    "tfidf_2184",
    "tfidf_2185",
    "tfidf_2186",
    "tfidf_2187",
    "tfidf_2188",
    "tfidf_2189",
    "tfidf_2190",
    "tfidf_2191",
    "tfidf_2192",
    "tfidf_2193",
    "tfidf_2194",
    "tfidf_2195",
    "tfidf_2196",
    "tfidf_2197",
    "tfidf_2198",
    "tfidf_2199",
    "tfidf_2200",
    "tfidf_2201",
    "tfidf_2202",
    "tfidf_2203",
    "tfidf_2204",
    "tfidf_2205",
    "tfidf_2206",
    "tfidf_2207",
    "tfidf_2208",
    "tfidf_2209",
    "tfidf_2210",
    "tfidf_2211",
    "tfidf_2212",
    "tfidf_2213",
    "tfidf_2214",
    "tfidf_2215",
    "tfidf_2216",
    "tfidf_2217",
    "tfidf_2218",
    "tfidf_2219",
    "tfidf_2220",
    "tfidf_2221",
    "tfidf_2222",
    "tfidf_2223",
    "tfidf_2224",
    "tfidf_2225",
    "tfidf_2226",
    "tfidf_2227",
    "tfidf_2228",
    "tfidf_2229",
    "tfidf_2230",
    "tfidf_2231",
    "tfidf_2232",
    "tfidf_2233",
    "tfidf_2234",
    "tfidf_2235",
    "tfidf_2236",
    "tfidf_2237",
    "tfidf_2238",
    "tfidf_2239",
    "tfidf_2240",
    "tfidf_2241",
    "tfidf_2242",
    "tfidf_2243",
    "tfidf_2244",
    "tfidf_2245",
    "tfidf_2246",
    "tfidf_2247",
    "tfidf_2248",
    "tfidf_2249",
    "tfidf_2250",
    "tfidf_2251",
    "tfidf_2252",
    "tfidf_2253",
    "tfidf_2254",
    "tfidf_2255",
    "tfidf_2256",
    "tfidf_2257",
    "tfidf_2258",
    "tfidf_2259",
    "tfidf_2260",
    "tfidf_2261",
    "tfidf_2262",
    "tfidf_2263",
    "tfidf_2264",
    "tfidf_2265",
    "tfidf_2266",
    "tfidf_2267",
    "tfidf_2268",
    "tfidf_2269",
    "tfidf_2270",
    "tfidf_2271",
    "tfidf_2272",
    "tfidf_2273",
    "tfidf_2274",
    "tfidf_2275",
    "tfidf_2276",
    "tfidf_2277",
    "tfidf_2278",
    "tfidf_2279",
    "tfidf_2280",
    "tfidf_2281",
    "tfidf_2282",
    "tfidf_2283",
    "tfidf_2284",
    "tfidf_2285",
    "tfidf_2286",
    "tfidf_2287",
    "tfidf_2288",
    "tfidf_2289",
    "tfidf_2290",
    "tfidf_2291",
    "tfidf_2292",
    "tfidf_2293",
    "tfidf_2294",
    "tfidf_2295",
    "tfidf_2296",
    "tfidf_2297",
    "tfidf_2298",
    "tfidf_2299",
    "tfidf_2300",
    "tfidf_2301",
    "tfidf_2302",
    "tfidf_2303",
    "tfidf_2304",
    "tfidf_2305",
    "tfidf_2306",
    "tfidf_2307",
    "tfidf_2308",
    "tfidf_2309",
    "tfidf_2310",
    "tfidf_2311",
    "tfidf_2312",
    "tfidf_2313",
    "tfidf_2314",
    "tfidf_2315",
    "tfidf_2316",
    "tfidf_2317",
    "tfidf_2318",
    "tfidf_2319",
    "tfidf_2320",
    "tfidf_2321",
    "tfidf_2322",
    "tfidf_2323",
    "tfidf_2324",
    "tfidf_2325",
    "tfidf_2326",
    "tfidf_2327",
    "tfidf_2328",
    "tfidf_2329",
    "tfidf_2330",
    "tfidf_2331",
    "tfidf_2332",
    "tfidf_2333",
    "tfidf_2334",
    "tfidf_2335",
    "tfidf_2336",
    "tfidf_2337",
    "tfidf_2338",
    "tfidf_2339",
    "tfidf_2340",
    "tfidf_2341",
    "tfidf_2342",
    "tfidf_2343",
    "tfidf_2344",
    "tfidf_2345",
    "tfidf_2346",
    "tfidf_2347",
    "tfidf_2348",
    "tfidf_2349",
    "tfidf_2350",
    "tfidf_2351",
    "tfidf_2352",
    "tfidf_2353",
    "tfidf_2354",
    "tfidf_2355",
    "tfidf_2356",
    "tfidf_2357",
    "tfidf_2358",
    "tfidf_2359",
    "tfidf_2360",
    "tfidf_2361",
    "tfidf_2362",
    "tfidf_2363",
    "tfidf_2364",
    "tfidf_2365",
    "tfidf_2366",
    "tfidf_2367",
    "tfidf_2368",
    "tfidf_2369",
    "tfidf_2370",
    "tfidf_2371",
    "tfidf_2372",
    "tfidf_2373",
    "tfidf_2374",
    "tfidf_2375",
    "tfidf_2376",
    "tfidf_2377",
    "tfidf_2378",
    "tfidf_2379",
    "tfidf_2380",
    "tfidf_2381",
    "tfidf_2382",
    "tfidf_2383",
    "tfidf_2384",
    "tfidf_2385",
    "tfidf_2386",
    "tfidf_2387",
    "tfidf_2388",
    "tfidf_2389",
    "tfidf_2390",
    "tfidf_2391",
    "tfidf_2392",
    "tfidf_2393",
    "tfidf_2394",
    "tfidf_2395",
    "tfidf_2396",
    "tfidf_2397",
    "tfidf_2398",
    "tfidf_2399",
    "tfidf_2400",
    "tfidf_2401",
    "tfidf_2402",
    "tfidf_2403",
    "tfidf_2404",
    "tfidf_2405",
    "tfidf_2406",
    "tfidf_2407",
    "tfidf_2408",
    "tfidf_2409",
    "tfidf_2410",
    "tfidf_2411",
    "tfidf_2412",
    "tfidf_2413",
    "tfidf_2414",
    "tfidf_2415",
    "tfidf_2416",
    "tfidf_2417",
    "tfidf_2418",
    "tfidf_2419",
    "tfidf_2420",
    "tfidf_2421",
    "tfidf_2422",
    "tfidf_2423",
    "tfidf_2424",
    "tfidf_2425",
    "tfidf_2426",
    "tfidf_2427",
    "tfidf_2428",
    "tfidf_2429",
    "tfidf_2430",
    "tfidf_2431",
    "tfidf_2432",
    "tfidf_2433",
    "tfidf_2434",
    "tfidf_2435",
    "tfidf_2436",
    "tfidf_2437",
    "tfidf_2438",
    "tfidf_2439",
    "tfidf_2440",
    "tfidf_2441",
    "tfidf_2442",
    "tfidf_2443",
    "tfidf_2444",
    "tfidf_2445",
    "tfidf_2446",
    "tfidf_2447",
    "tfidf_2448",
    "tfidf_2449",
    "tfidf_2450",
    "tfidf_2451",
    "tfidf_2452",
    "tfidf_2453",
    "tfidf_2454",
    "tfidf_2455",
    "tfidf_2456",
    "tfidf_2457",
    "tfidf_2458",
    "tfidf_2459",
    "tfidf_2460",
    "tfidf_2461",
    "tfidf_2462",
    "tfidf_2463",
    "tfidf_2464",
    "tfidf_2465",
    "tfidf_2466",
    "tfidf_2467",
    "tfidf_2468",
    "tfidf_2469",
    "tfidf_2470",
    "tfidf_2471",
    "tfidf_2472",
    "tfidf_2473",
    "tfidf_2474",
    "tfidf_2475",
    "tfidf_2476",
    "tfidf_2477",
    "tfidf_2478",
    "tfidf_2479",
    "tfidf_2480",
    "tfidf_2481",
    "tfidf_2482",
    "tfidf_2483",
    "tfidf_2484",
    "tfidf_2485",
    "tfidf_2486",
    "tfidf_2487",
    "tfidf_2488",
    "tfidf_2489",
    "tfidf_2490",
    "tfidf_2491",
    "tfidf_2492",
    "tfidf_2493",
    "tfidf_2494",
    "tfidf_2495",
    "tfidf_2496",
    "tfidf_2497",
    "tfidf_2498",
    "tfidf_2499",
    "tfidf_2500",
    "tfidf_2501",
    "tfidf_2502",
    "tfidf_2503",
    "tfidf_2504",
    "tfidf_2505",
    "tfidf_2506",
    "tfidf_2507",
    "tfidf_2508",
    "tfidf_2509",
    "tfidf_2510",
    "tfidf_2511",
    "tfidf_2512",
    "tfidf_2513",
    "tfidf_2514",
    "tfidf_2515",
    "tfidf_2516",
    "tfidf_2517",
    "tfidf_2518",
    "tfidf_2519",
    "tfidf_2520",
    "tfidf_2521",
    "tfidf_2522",
    "tfidf_2523",
    "tfidf_2524",
    "tfidf_2525",
    "tfidf_2526",
    "tfidf_2527",
    "tfidf_2528",
    "tfidf_2529",
    "tfidf_2530",
    "tfidf_2531",
    "tfidf_2532",
    "tfidf_2533",
    "tfidf_2534",
    "tfidf_2535",
    "tfidf_2536",
    "tfidf_2537",
    "tfidf_2538",
    "tfidf_2539",
    "tfidf_2540",
    "tfidf_2541",
    "tfidf_2542",
    "tfidf_2543",
    "tfidf_2544",
    "tfidf_2545",
    "tfidf_2546",
    "tfidf_2547",
    "tfidf_2548",
    "tfidf_2549",
    "tfidf_2550",
    "tfidf_2551",
    "tfidf_2552",
    "tfidf_2553",
    "tfidf_2554",
    "tfidf_2555",
    "tfidf_2556",
    "tfidf_2557",
    "tfidf_2558",
    "tfidf_2559",
    "tfidf_2560",
    "tfidf_2561",
    "tfidf_2562",
    "tfidf_2563",
    "tfidf_2564",
    "tfidf_2565",
    "tfidf_2566",
    "tfidf_2567",
    "tfidf_2568",
    "tfidf_2569",
    "tfidf_2570",
    "tfidf_2571",
    "tfidf_2572",
    "tfidf_2573",
    "tfidf_2574",
    "tfidf_2575",
    "tfidf_2576",
    "tfidf_2577",
    "tfidf_2578",
    "tfidf_2579",
    "tfidf_2580",
    "tfidf_2581",
    "tfidf_2582",
    "tfidf_2583",
    "tfidf_2584",
    "tfidf_2585",
    "tfidf_2586",
    "tfidf_2587",
    "tfidf_2588",
    "tfidf_2589",
    "tfidf_2590",
    "tfidf_2591",
    "tfidf_2592",
    "tfidf_2593",
    "tfidf_2594",
    "tfidf_2595",
    "tfidf_2596",
    "tfidf_2597",
    "tfidf_2598",
    "tfidf_2599",
    "tfidf_2600",
    "tfidf_2601",
    "tfidf_2602",
    "tfidf_2603",
    "tfidf_2604",
    "tfidf_2605",
    "tfidf_2606",
    "tfidf_2607",
    "tfidf_2608",
    "tfidf_2609",
    "tfidf_2610",
    "tfidf_2611",
    "tfidf_2612",
    "tfidf_2613",
    "tfidf_2614",
    "tfidf_2615",
    "tfidf_2616",
    "tfidf_2617",
    "tfidf_2618",
    "tfidf_2619",
    "tfidf_2620",
    "tfidf_2621",
    "tfidf_2622",
    "tfidf_2623",
    "tfidf_2624",
    "tfidf_2625",
    "tfidf_2626",
    "tfidf_2627",
    "tfidf_2628",
    "tfidf_2629",
    "tfidf_2630",
    "tfidf_2631",
    "tfidf_2632",
    "tfidf_2633",
    "tfidf_2634",
    "tfidf_2635",
    "tfidf_2636",
    "tfidf_2637",
    "tfidf_2638",
    "tfidf_2639",
    "tfidf_2640",
    "tfidf_2641",
    "tfidf_2642",
    "tfidf_2643",
    "tfidf_2644",
    "tfidf_2645",
    "tfidf_2646",
    "tfidf_2647",
    "tfidf_2648",
    "tfidf_2649",
    "tfidf_2650",
    "tfidf_2651",
    "tfidf_2652",
    "tfidf_2653",
    "tfidf_2654",
    "tfidf_2655",
    "tfidf_2656",
    "tfidf_2657",
    "tfidf_2658",
    "tfidf_2659",
    "tfidf_2660",
    "tfidf_2661",
    "tfidf_2662",
    "tfidf_2663",
    "tfidf_2664",
    "tfidf_2665",
    "tfidf_2666",
    "tfidf_2667",
    "tfidf_2668",
    "tfidf_2669",
    "tfidf_2670",
    "tfidf_2671",
    "tfidf_2672",
    "tfidf_2673",
    "tfidf_2674",
    "tfidf_2675",
    "tfidf_2676",
    "tfidf_2677",
    "tfidf_2678",
    "tfidf_2679",
    "tfidf_2680",
    "tfidf_2681",
    "tfidf_2682",
    "tfidf_2683",
    "tfidf_2684",
    "tfidf_2685",
    "tfidf_2686",
    "tfidf_2687",
    "tfidf_2688",
    "tfidf_2689",
    "tfidf_2690",
    "tfidf_2691",
    "tfidf_2692",
    "tfidf_2693",
    "tfidf_2694",
    "tfidf_2695",
    "tfidf_2696",
    "tfidf_2697",
    "tfidf_2698",
    "tfidf_2699",
    "tfidf_2700",
    "tfidf_2701",
    "tfidf_2702",
    "tfidf_2703",
    "tfidf_2704",
    "tfidf_2705",
    "tfidf_2706",
    "tfidf_2707",
    "tfidf_2708",
    "tfidf_2709",
    "tfidf_2710",
    "tfidf_2711",
    "tfidf_2712",
    "tfidf_2713",
    "tfidf_2714",
    "tfidf_2715",
    "tfidf_2716",
    "tfidf_2717",
    "tfidf_2718",
    "tfidf_2719",
    "tfidf_2720",
    "tfidf_2721",
    "tfidf_2722",
    "tfidf_2723",
    "tfidf_2724",
    "tfidf_2725",
    "tfidf_2726",
    "tfidf_2727",
    "tfidf_2728",
    "tfidf_2729",
    "tfidf_2730",
    "tfidf_2731",
    "tfidf_2732",
    "tfidf_2733",
    "tfidf_2734",
    "tfidf_2735",
    "tfidf_2736",
    "tfidf_2737",
    "tfidf_2738",
    "tfidf_2739",
    "tfidf_2740",
    "tfidf_2741",
    "tfidf_2742",
    "tfidf_2743",
    "tfidf_2744",
    "tfidf_2745",
    "tfidf_2746",
    "tfidf_2747",
    "tfidf_2748",
    "tfidf_2749",
    "tfidf_2750",
    "tfidf_2751",
    "tfidf_2752",
    "tfidf_2753",
    "tfidf_2754",
    "tfidf_2755",
    "tfidf_2756",
    "tfidf_2757",
    "tfidf_2758",
    "tfidf_2759",
    "tfidf_2760",
    "tfidf_2761",
    "tfidf_2762",
    "tfidf_2763",
    "tfidf_2764",
    "tfidf_2765",
    "tfidf_2766",
    "tfidf_2767",
    "tfidf_2768",
    "tfidf_2769",
    "tfidf_2770",
    "tfidf_2771",
    "tfidf_2772",
    "tfidf_2773",
    "tfidf_2774",
    "tfidf_2775",
    "tfidf_2776",
    "tfidf_2777",
    "tfidf_2778",
    "tfidf_2779",
    "tfidf_2780",
    "tfidf_2781",
    "tfidf_2782",
    "tfidf_2783",
    "tfidf_2784",
    "tfidf_2785",
    "tfidf_2786",
    "tfidf_2787",
    "tfidf_2788",
    "tfidf_2789",
    "tfidf_2790",
    "tfidf_2791",
    "tfidf_2792",
    "tfidf_2793",
    "tfidf_2794",
    "tfidf_2795",
    "tfidf_2796",
    "tfidf_2797",
    "tfidf_2798",
    "tfidf_2799",
    "tfidf_2800",
    "tfidf_2801",
    "tfidf_2802",
    "tfidf_2803",
    "tfidf_2804",
    "tfidf_2805",
    "tfidf_2806",
    "tfidf_2807",
    "tfidf_2808",
    "tfidf_2809",
    "tfidf_2810",
    "tfidf_2811",
    "tfidf_2812",
    "tfidf_2813",
    "tfidf_2814",
    "tfidf_2815",
    "tfidf_2816",
    "tfidf_2817",
    "tfidf_2818",
    "tfidf_2819",
    "tfidf_2820",
    "tfidf_2821",
    "tfidf_2822",
    "tfidf_2823",
    "tfidf_2824",
    "tfidf_2825",
    "tfidf_2826",
    "tfidf_2827",
    "tfidf_2828",
    "tfidf_2829",
    "tfidf_2830",
    "tfidf_2831",
    "tfidf_2832",
    "tfidf_2833",
    "tfidf_2834",
    "tfidf_2835",
    "tfidf_2836",
    "tfidf_2837",
    "tfidf_2838",
    "tfidf_2839",
    "tfidf_2840",
    "tfidf_2841",
    "tfidf_2842",
    "tfidf_2843",
    "tfidf_2844",
    "tfidf_2845",
    "tfidf_2846",
    "tfidf_2847",
    "tfidf_2848",
    "tfidf_2849",
    "tfidf_2850",
    "tfidf_2851",
    "tfidf_2852",
    "tfidf_2853",
    "tfidf_2854",
    "tfidf_2855",
    "tfidf_2856",
    "tfidf_2857",
    "tfidf_2858",
    "tfidf_2859",
    "tfidf_2860",
    "tfidf_2861",
    "tfidf_2862",
    "tfidf_2863",
    "tfidf_2864",
    "tfidf_2865",
    "tfidf_2866",
    "tfidf_2867",
    "tfidf_2868",
    "tfidf_2869",
    "tfidf_2870",
    "tfidf_2871",
    "tfidf_2872",
    "tfidf_2873",
    "tfidf_2874",
    "tfidf_2875",
    "tfidf_2876",
    "tfidf_2877",
    "tfidf_2878",
    "tfidf_2879",
    "tfidf_2880",
    "tfidf_2881",
    "tfidf_2882",
    "tfidf_2883",
    "tfidf_2884",
    "tfidf_2885",
    "tfidf_2886",
    "tfidf_2887",
    "tfidf_2888",
    "tfidf_2889",
    "tfidf_2890",
    "tfidf_2891",
    "tfidf_2892",
    "tfidf_2893",
    "tfidf_2894",
    "tfidf_2895",
    "tfidf_2896",
    "tfidf_2897",
    "tfidf_2898",
    "tfidf_2899",
    "tfidf_2900",
    "tfidf_2901",
    "tfidf_2902",
    "tfidf_2903",
    "tfidf_2904",
    "tfidf_2905",
    "tfidf_2906",
    "tfidf_2907",
    "tfidf_2908",
    "tfidf_2909",
    "tfidf_2910",
    "tfidf_2911",
    "tfidf_2912",
    "tfidf_2913",
    "tfidf_2914",
    "tfidf_2915",
    "tfidf_2916",
    "tfidf_2917",
    "tfidf_2918",
    "tfidf_2919",
    "tfidf_2920",
    "tfidf_2921",
    "tfidf_2922",
    "tfidf_2923",
    "tfidf_2924",
    "tfidf_2925",
    "tfidf_2926",
    "tfidf_2927",
    "tfidf_2928",
    "tfidf_2929",
    "tfidf_2930",
    "tfidf_2931",
    "tfidf_2932",
    "tfidf_2933",
    "tfidf_2934",
    "tfidf_2935",
    "tfidf_2936",
    "tfidf_2937",
    "tfidf_2938",
    "tfidf_2939",
    "tfidf_2940",
    "tfidf_2941",
    "tfidf_2942",
    "tfidf_2943",
    "tfidf_2944",
    "tfidf_2945",
    "tfidf_2946",
    "tfidf_2947",
    "tfidf_2948",
    "tfidf_2949",
    "tfidf_2950",
    "tfidf_2951",
    "tfidf_2952",
    "tfidf_2953",
    "tfidf_2954",
    "tfidf_2955",
    "tfidf_2956",
    "tfidf_2957",
    "tfidf_2958",
    "tfidf_2959",
    "tfidf_2960",
    "tfidf_2961",
    "tfidf_2962",
    "tfidf_2963",
    "tfidf_2964",
    "tfidf_2965",
    "tfidf_2966",
    "tfidf_2967",
    "tfidf_2968",
    "tfidf_2969",
    "tfidf_2970",
    "tfidf_2971",
    "tfidf_2972",
    "tfidf_2973",
    "tfidf_2974",
    "tfidf_2975",
    "tfidf_2976",
    "tfidf_2977",
    "tfidf_2978",
    "tfidf_2979",
    "tfidf_2980",
    "tfidf_2981",
    "tfidf_2982",
    "tfidf_2983",
    "tfidf_2984",
    "tfidf_2985",
    "tfidf_2986",
    "tfidf_2987",
    "tfidf_2988",
    "tfidf_2989",
    "tfidf_2990",
    "tfidf_2991",
    "tfidf_2992",
    "tfidf_2993",
    "tfidf_2994",
    "tfidf_2995",
    "tfidf_2996",
    "tfidf_2997",
    "tfidf_2998",
    "tfidf_2999",
    "tfidf_3000",
    "tfidf_3001",
    "tfidf_3002",
    "tfidf_3003",
    "tfidf_3004",
    "tfidf_3005",
    "tfidf_3006",
    "tfidf_3007",
    "tfidf_3008",
    "tfidf_3009",
    "tfidf_3010",
    "tfidf_3011",
    "tfidf_3012",
    "tfidf_3013",
    "tfidf_3014",
    "tfidf_3015",
    "tfidf_3016",
    "tfidf_3017",
    "tfidf_3018",
    "tfidf_3019",
    "tfidf_3020",
    "tfidf_3021",
    "tfidf_3022",
    "tfidf_3023",
    "tfidf_3024",
    "tfidf_3025",
    "tfidf_3026",
    "tfidf_3027",
    "tfidf_3028",
    "tfidf_3029",
    "tfidf_3030",
    "tfidf_3031",
    "tfidf_3032",
    "tfidf_3033",
    "tfidf_3034",
    "tfidf_3035",
    "tfidf_3036",
    "tfidf_3037",
    "tfidf_3038",
    "tfidf_3039",
    "tfidf_3040",
    "tfidf_3041",
    "tfidf_3042",
    "tfidf_3043",
    "tfidf_3044",
    "tfidf_3045",
    "tfidf_3046",
    "tfidf_3047",
    "tfidf_3048",
    "tfidf_3049",
    "tfidf_3050",
    "tfidf_3051",
    "tfidf_3052",
    "tfidf_3053",
    "tfidf_3054",
    "tfidf_3055",
    "tfidf_3056",
    "tfidf_3057",
    "tfidf_3058",
    "tfidf_3059",
    "tfidf_3060",
    "tfidf_3061",
    "tfidf_3062",
    "tfidf_3063",
    "tfidf_3064",
    "tfidf_3065",
    "tfidf_3066",
    "tfidf_3067",
    "tfidf_3068",
    "tfidf_3069",
    "tfidf_3070",
    "tfidf_3071",
    "tfidf_3072",
    "tfidf_3073",
    "tfidf_3074",
    "tfidf_3075",
    "tfidf_3076",
    "tfidf_3077",
    "tfidf_3078",
    "tfidf_3079",
    "tfidf_3080",
    "tfidf_3081",
    "tfidf_3082",
    "tfidf_3083",
    "tfidf_3084",
    "tfidf_3085",
    "tfidf_3086",
    "tfidf_3087",
    "tfidf_3088",
    "tfidf_3089",
    "tfidf_3090",
    "tfidf_3091",
    "tfidf_3092",
    "tfidf_3093",
    "tfidf_3094",
    "tfidf_3095",
    "tfidf_3096",
    "tfidf_3097",
    "tfidf_3098",
    "tfidf_3099",
    "tfidf_3100",
    "tfidf_3101",
    "tfidf_3102",
    "tfidf_3103",
    "tfidf_3104",
    "tfidf_3105",
    "tfidf_3106",
    "tfidf_3107",
    "tfidf_3108",
    "tfidf_3109",
    "tfidf_3110",
    "tfidf_3111",
    "tfidf_3112",
    "tfidf_3113",
    "tfidf_3114",
    "tfidf_3115",
    "tfidf_3116",
    "tfidf_3117",
    "tfidf_3118",
    "tfidf_3119",
    "tfidf_3120",
    "tfidf_3121",
    "tfidf_3122",
    "tfidf_3123",
    "tfidf_3124",
    "tfidf_3125",
    "tfidf_3126",
    "tfidf_3127",
    "tfidf_3128",
    "tfidf_3129",
    "tfidf_3130",
    "tfidf_3131",
    "tfidf_3132",
    "tfidf_3133",
    "tfidf_3134",
    "tfidf_3135",
    "tfidf_3136",
    "tfidf_3137",
    "tfidf_3138",
    "tfidf_3139",
    "tfidf_3140",
    "tfidf_3141",
    "tfidf_3142",
    "tfidf_3143",
    "tfidf_3144",
    "tfidf_3145",
    "tfidf_3146",
    "tfidf_3147",
    "tfidf_3148",
    "tfidf_3149",
    "tfidf_3150",
    "tfidf_3151",
    "tfidf_3152",
    "tfidf_3153",
    "tfidf_3154",
    "tfidf_3155",
    "tfidf_3156",
    "tfidf_3157",
    "tfidf_3158",
    "tfidf_3159",
    "tfidf_3160",
    "tfidf_3161",
    "tfidf_3162",
    "tfidf_3163",
    "tfidf_3164",
    "tfidf_3165",
    "tfidf_3166",
    "tfidf_3167",
    "tfidf_3168",
    "tfidf_3169",
    "tfidf_3170",
    "tfidf_3171",
    "tfidf_3172",
    "tfidf_3173",
    "tfidf_3174",
    "tfidf_3175",
    "tfidf_3176",
    "tfidf_3177",
    "tfidf_3178",
    "tfidf_3179",
    "tfidf_3180",
    "tfidf_3181",
    "tfidf_3182",
    "tfidf_3183",
    "tfidf_3184",
    "tfidf_3185",
    "tfidf_3186",
    "tfidf_3187",
    "tfidf_3188",
    "tfidf_3189",
    "tfidf_3190",
    "tfidf_3191",
    "tfidf_3192",
    "tfidf_3193",
    "tfidf_3194",
    "tfidf_3195",
    "tfidf_3196",
    "tfidf_3197",
    "tfidf_3198",
    "tfidf_3199",
    "tfidf_3200",
    "tfidf_3201",
    "tfidf_3202",
    "tfidf_3203",
    "tfidf_3204",
    "tfidf_3205",
    "tfidf_3206",
    "tfidf_3207",
    "tfidf_3208",
    "tfidf_3209",
    "tfidf_3210",
    "tfidf_3211",
    "tfidf_3212",
    "tfidf_3213",
    "tfidf_3214",
    "tfidf_3215",
    "tfidf_3216",
    "tfidf_3217",
    "tfidf_3218",
    "tfidf_3219",
    "tfidf_3220",
    "tfidf_3221",
    "tfidf_3222",
    "tfidf_3223",
    "tfidf_3224",
    "tfidf_3225",
    "tfidf_3226",
    "tfidf_3227",
    "tfidf_3228",
    "tfidf_3229",
    "tfidf_3230",
    "tfidf_3231",
    "tfidf_3232",
    "tfidf_3233",
    "tfidf_3234",
    "tfidf_3235",
    "tfidf_3236",
    "tfidf_3237",
    "tfidf_3238",
    "tfidf_3239",
    "tfidf_3240",
    "tfidf_3241",
    "tfidf_3242",
    "tfidf_3243",
    "tfidf_3244",
    "tfidf_3245",
    "tfidf_3246",
    "tfidf_3247",
    "tfidf_3248",
    "tfidf_3249",
    "tfidf_3250",
    "tfidf_3251",
    "tfidf_3252",
    "tfidf_3253",
    "tfidf_3254",
    "tfidf_3255",
    "tfidf_3256",
    "tfidf_3257",
    "tfidf_3258",
    "tfidf_3259",
    "tfidf_3260",
    "tfidf_3261",
    "tfidf_3262",
    "tfidf_3263",
    "tfidf_3264",
    "tfidf_3265",
    "tfidf_3266",
    "tfidf_3267",
    "tfidf_3268",
    "tfidf_3269",
    "tfidf_3270",
    "tfidf_3271",
    "tfidf_3272",
    "tfidf_3273",
    "tfidf_3274",
    "tfidf_3275",
    "tfidf_3276",
    "tfidf_3277",
    "tfidf_3278",
    "tfidf_3279",
    "tfidf_3280",
    "tfidf_3281",
    "tfidf_3282",
    "tfidf_3283",
    "tfidf_3284",
    "tfidf_3285",
    "tfidf_3286",
    "tfidf_3287",
    "tfidf_3288",
    "tfidf_3289",
    "tfidf_3290",
    "tfidf_3291",
    "tfidf_3292",
    "tfidf_3293",
    "tfidf_3294",
    "tfidf_3295",
    "tfidf_3296",
    "tfidf_3297",
    "tfidf_3298",
    "tfidf_3299",
    "tfidf_3300",
    "tfidf_3301",
    "tfidf_3302",
    "tfidf_3303",
    "tfidf_3304",
    "tfidf_3305",
    "tfidf_3306",
    "tfidf_3307",
    "tfidf_3308",
    "tfidf_3309",
    "tfidf_3310",
    "tfidf_3311",
    "tfidf_3312",
    "tfidf_3313",
    "tfidf_3314",
    "tfidf_3315",
    "tfidf_3316",
    "tfidf_3317",
    "tfidf_3318",
    "tfidf_3319",
    "tfidf_3320",
    "tfidf_3321",
    "tfidf_3322",
    "tfidf_3323",
    "tfidf_3324",
    "tfidf_3325",
    "tfidf_3326",
    "tfidf_3327",
    "tfidf_3328",
    "tfidf_3329",
    "tfidf_3330",
    "tfidf_3331",
    "tfidf_3332",
    "tfidf_3333",
    "tfidf_3334",
    "tfidf_3335",
    "tfidf_3336",
    "tfidf_3337",
    "tfidf_3338",
    "tfidf_3339",
    "tfidf_3340",
    "tfidf_3341",
    "tfidf_3342",
    "tfidf_3343",
    "tfidf_3344",
    "tfidf_3345",
    "tfidf_3346",
    "tfidf_3347",
    "tfidf_3348",
    "tfidf_3349",
    "tfidf_3350",
    "tfidf_3351",
    "tfidf_3352",
    "tfidf_3353",
    "tfidf_3354",
    "tfidf_3355",
    "tfidf_3356",
    "tfidf_3357",
    "tfidf_3358",
    "tfidf_3359",
    "tfidf_3360",
    "tfidf_3361",
    "tfidf_3362",
    "tfidf_3363",
    "tfidf_3364",
    "tfidf_3365",
    "tfidf_3366",
    "tfidf_3367",
    "tfidf_3368",
    "tfidf_3369",
    "tfidf_3370",
    "tfidf_3371",
    "tfidf_3372",
    "tfidf_3373",
    "tfidf_3374",
    "tfidf_3375",
    "tfidf_3376",
    "tfidf_3377",
    "tfidf_3378",
    "tfidf_3379",
    "tfidf_3380",
    "tfidf_3381",
    "tfidf_3382",
    "tfidf_3383",
    "tfidf_3384",
    "tfidf_3385",
    "tfidf_3386",
    "tfidf_3387",
    "tfidf_3388",
    "tfidf_3389",
    "tfidf_3390",
    "tfidf_3391",
    "tfidf_3392",
    "tfidf_3393",
    "tfidf_3394",
    "tfidf_3395",
    "tfidf_3396",
    "tfidf_3397",
    "tfidf_3398",
    "tfidf_3399",
    "tfidf_3400",
    "tfidf_3401",
    "tfidf_3402",
    "tfidf_3403",
    "tfidf_3404",
    "tfidf_3405",
    "tfidf_3406",
    "tfidf_3407",
    "tfidf_3408",
    "tfidf_3409",
    "tfidf_3410",
    "tfidf_3411",
    "tfidf_3412",
    "tfidf_3413",
    "tfidf_3414",
    "tfidf_3415",
    "tfidf_3416",
    "tfidf_3417",
    "tfidf_3418",
    "tfidf_3419",
    "tfidf_3420",
    "tfidf_3421",
    "tfidf_3422",
    "tfidf_3423",
    "tfidf_3424",
    "tfidf_3425",
    "tfidf_3426",
    "tfidf_3427",
    "tfidf_3428",
    "tfidf_3429",
    "tfidf_3430",
    "tfidf_3431",
    "tfidf_3432",
    "tfidf_3433",
    "tfidf_3434",
    "tfidf_3435",
    "tfidf_3436",
    "tfidf_3437",
    "tfidf_3438",
    "tfidf_3439",
    "tfidf_3440",
    "tfidf_3441",
    "tfidf_3442",
    "tfidf_3443",
    "tfidf_3444",
    "tfidf_3445",
    "tfidf_3446",
    "tfidf_3447",
    "tfidf_3448",
    "tfidf_3449",
    "tfidf_3450",
    "tfidf_3451",
    "tfidf_3452",
    "tfidf_3453",
    "tfidf_3454",
    "tfidf_3455",
    "tfidf_3456",
    "tfidf_3457",
    "tfidf_3458",
    "tfidf_3459",
    "tfidf_3460",
    "tfidf_3461",
    "tfidf_3462",
    "tfidf_3463",
    "tfidf_3464",
    "tfidf_3465",
    "tfidf_3466",
    "tfidf_3467",
    "tfidf_3468",
    "tfidf_3469",
    "tfidf_3470",
    "tfidf_3471",
    "tfidf_3472",
    "tfidf_3473",
    "tfidf_3474",
    "tfidf_3475",
    "tfidf_3476",
    "tfidf_3477",
    "tfidf_3478",
    "tfidf_3479",
    "tfidf_3480",
    "tfidf_3481",
    "tfidf_3482",
    "tfidf_3483",
    "tfidf_3484",
    "tfidf_3485",
    "tfidf_3486",
    "tfidf_3487",
    "tfidf_3488",
    "tfidf_3489",
    "tfidf_3490",
    "tfidf_3491",
    "tfidf_3492",
    "tfidf_3493",
    "tfidf_3494",
    "tfidf_3495",
    "tfidf_3496",
    "tfidf_3497",
    "tfidf_3498",
    "tfidf_3499",
    "tfidf_3500",
    "tfidf_3501",
    "tfidf_3502",
    "tfidf_3503",
    "tfidf_3504",
    "tfidf_3505",
    "tfidf_3506",
    "tfidf_3507",
    "tfidf_3508",
    "tfidf_3509",
    "tfidf_3510",
    "tfidf_3511",
    "tfidf_3512",
    "tfidf_3513",
    "tfidf_3514",
    "tfidf_3515",
    "tfidf_3516",
    "tfidf_3517",
    "tfidf_3518",
    "tfidf_3519",
    "tfidf_3520",
    "tfidf_3521",
    "tfidf_3522",
    "tfidf_3523",
    "tfidf_3524",
    "tfidf_3525",
    "tfidf_3526",
    "tfidf_3527",
    "tfidf_3528",
    "tfidf_3529",
    "tfidf_3530",
    "tfidf_3531",
    "tfidf_3532",
    "tfidf_3533",
    "tfidf_3534",
    "tfidf_3535",
    "tfidf_3536",
    "tfidf_3537",
    "tfidf_3538",
    "tfidf_3539",
    "tfidf_3540",
    "tfidf_3541",
    "tfidf_3542",
    "tfidf_3543",
    "tfidf_3544",
    "tfidf_3545",
    "tfidf_3546",
    "tfidf_3547",
    "tfidf_3548",
    "tfidf_3549",
    "tfidf_3550",
    "tfidf_3551",
    "tfidf_3552",
    "tfidf_3553",
    "tfidf_3554",
    "tfidf_3555",
    "tfidf_3556",
    "tfidf_3557",
    "tfidf_3558",
    "tfidf_3559",
    "tfidf_3560",
    "tfidf_3561",
    "tfidf_3562",
    "tfidf_3563",
    "tfidf_3564",
    "tfidf_3565",
    "tfidf_3566",
    "tfidf_3567",
    "tfidf_3568",
    "tfidf_3569",
    "tfidf_3570",
    "tfidf_3571",
    "tfidf_3572",
    "tfidf_3573",
    "tfidf_3574",
    "tfidf_3575",
    "tfidf_3576",
    "tfidf_3577",
    "tfidf_3578",
    "tfidf_3579",
    "tfidf_3580",
    "tfidf_3581",
    "tfidf_3582",
    "tfidf_3583",
    "tfidf_3584",
    "tfidf_3585",
    "tfidf_3586",
    "tfidf_3587",
    "tfidf_3588",
    "tfidf_3589",
    "tfidf_3590",
    "tfidf_3591",
    "tfidf_3592",
    "tfidf_3593",
    "tfidf_3594",
    "tfidf_3595",
    "tfidf_3596",
    "tfidf_3597",
    "tfidf_3598",
    "tfidf_3599",
    "tfidf_3600",
    "tfidf_3601",
    "tfidf_3602",
    "tfidf_3603",
    "tfidf_3604",
    "tfidf_3605",
    "tfidf_3606",
    "tfidf_3607",
    "tfidf_3608",
    "tfidf_3609",
    "tfidf_3610",
    "tfidf_3611",
    "tfidf_3612",
    "tfidf_3613",
    "tfidf_3614",
    "tfidf_3615",
    "tfidf_3616",
    "tfidf_3617",
    "tfidf_3618",
    "tfidf_3619",
    "tfidf_3620",
    "tfidf_3621",
    "tfidf_3622",
    "tfidf_3623",
    "tfidf_3624",
    "tfidf_3625",
    "tfidf_3626",
    "tfidf_3627",
    "tfidf_3628",
    "tfidf_3629",
    "tfidf_3630",
    "tfidf_3631",
    "tfidf_3632",
    "tfidf_3633",
    "tfidf_3634",
    "tfidf_3635",
    "tfidf_3636",
    "tfidf_3637",
    "tfidf_3638",
    "tfidf_3639",
    "tfidf_3640",
    "tfidf_3641",
    "tfidf_3642",
    "tfidf_3643",
    "tfidf_3644",
    "tfidf_3645",
    "tfidf_3646",
    "tfidf_3647",
    "tfidf_3648",
    "tfidf_3649",
    "tfidf_3650",
    "tfidf_3651",
    "tfidf_3652",
    "tfidf_3653",
    "tfidf_3654",
    "tfidf_3655",
    "tfidf_3656",
    "tfidf_3657",
    "tfidf_3658",
    "tfidf_3659",
    "tfidf_3660",
    "tfidf_3661",
    "tfidf_3662",
    "tfidf_3663",
    "tfidf_3664",
    "tfidf_3665",
    "tfidf_3666",
    "tfidf_3667",
    "tfidf_3668",
    "tfidf_3669",
    "tfidf_3670",
    "tfidf_3671",
    "tfidf_3672",
    "tfidf_3673",
    "tfidf_3674",
    "tfidf_3675",
    "tfidf_3676",
    "tfidf_3677",
    "tfidf_3678",
    "tfidf_3679",
    "tfidf_3680",
    "tfidf_3681",
    "tfidf_3682",
    "tfidf_3683",
    "tfidf_3684",
    "tfidf_3685",
    "tfidf_3686",
    "tfidf_3687",
    "tfidf_3688",
    "tfidf_3689",
    "tfidf_3690",
    "tfidf_3691",
    "tfidf_3692",
    "tfidf_3693",
    "tfidf_3694",
    "tfidf_3695",
    "tfidf_3696",
    "tfidf_3697",
    "tfidf_3698",
    "tfidf_3699",
    "tfidf_3700",
    "tfidf_3701",
    "tfidf_3702",
    "tfidf_3703",
    "tfidf_3704",
    "tfidf_3705",
    "tfidf_3706",
    "tfidf_3707",
    "tfidf_3708",
    "tfidf_3709",
    "tfidf_3710",
    "tfidf_3711",
    "tfidf_3712",
    "tfidf_3713",
    "tfidf_3714",
    "tfidf_3715",
    "tfidf_3716",
    "tfidf_3717",
    "tfidf_3718",
    "tfidf_3719",
    "tfidf_3720",
    "tfidf_3721",
    "tfidf_3722",
    "tfidf_3723",
    "tfidf_3724",
    "tfidf_3725",
    "tfidf_3726",
    "tfidf_3727",
    "tfidf_3728",
    "tfidf_3729",
    "tfidf_3730",
    "tfidf_3731",
    "tfidf_3732",
    "tfidf_3733",
    "tfidf_3734",
    "tfidf_3735",
    "tfidf_3736",
    "tfidf_3737",
    "tfidf_3738",
    "tfidf_3739",
    "tfidf_3740",
    "tfidf_3741",
    "tfidf_3742",
    "tfidf_3743",
    "tfidf_3744",
    "tfidf_3745",
    "tfidf_3746",
    "tfidf_3747",
    "tfidf_3748",
    "tfidf_3749",
    "tfidf_3750",
    "tfidf_3751",
    "tfidf_3752",
    "tfidf_3753",
    "tfidf_3754",
    "tfidf_3755",
    "tfidf_3756",
    "tfidf_3757",
    "tfidf_3758",
    "tfidf_3759",
    "tfidf_3760",
    "tfidf_3761",
    "tfidf_3762",
    "tfidf_3763",
    "tfidf_3764",
    "tfidf_3765",
    "tfidf_3766",
    "tfidf_3767",
    "tfidf_3768",
    "tfidf_3769",
    "tfidf_3770",
    "tfidf_3771",
    "tfidf_3772",
    "tfidf_3773",
    "tfidf_3774",
    "tfidf_3775",
    "tfidf_3776",
    "tfidf_3777",
    "tfidf_3778",
    "tfidf_3779",
    "tfidf_3780",
    "tfidf_3781",
    "tfidf_3782",
    "tfidf_3783",
    "tfidf_3784",
    "tfidf_3785",
    "tfidf_3786",
    "tfidf_3787",
    "tfidf_3788",
    "tfidf_3789",
    "tfidf_3790",
    "tfidf_3791",
    "tfidf_3792",
    "tfidf_3793",
    "tfidf_3794",
    "tfidf_3795",
    "tfidf_3796",
    "tfidf_3797",
    "tfidf_3798",
    "tfidf_3799",
    "tfidf_3800",
    "tfidf_3801",
    "tfidf_3802",
    "tfidf_3803",
    "tfidf_3804",
    "tfidf_3805",
    "tfidf_3806",
    "tfidf_3807",
    "tfidf_3808",
    "tfidf_3809",
    "tfidf_3810",
    "tfidf_3811",
    "tfidf_3812",
    "tfidf_3813",
    "tfidf_3814",
    "tfidf_3815",
    "tfidf_3816",
    "tfidf_3817",
    "tfidf_3818",
    "tfidf_3819",
    "tfidf_3820",
    "tfidf_3821",
    "tfidf_3822",
    "tfidf_3823",
    "tfidf_3824",
    "tfidf_3825",
    "tfidf_3826",
    "tfidf_3827",
    "tfidf_3828",
    "tfidf_3829",
    "tfidf_3830",
    "tfidf_3831",
    "tfidf_3832",
    "tfidf_3833",
    "tfidf_3834",
    "tfidf_3835",
    "tfidf_3836",
    "tfidf_3837",
    "tfidf_3838",
    "tfidf_3839",
    "tfidf_3840",
    "tfidf_3841",
    "tfidf_3842",
    "tfidf_3843",
    "tfidf_3844",
    "tfidf_3845",
    "tfidf_3846",
    "tfidf_3847",
    "tfidf_3848",
    "tfidf_3849",
    "tfidf_3850",
    "tfidf_3851",
    "tfidf_3852",
    "tfidf_3853",
    "tfidf_3854",
    "tfidf_3855",
    "tfidf_3856",
    "tfidf_3857",
    "tfidf_3858",
    "tfidf_3859",
    "tfidf_3860",
    "tfidf_3861",
    "tfidf_3862",
    "tfidf_3863",
    "tfidf_3864",
    "tfidf_3865",
    "tfidf_3866",
    "tfidf_3867",
    "tfidf_3868",
    "tfidf_3869",
    "tfidf_3870",
    "tfidf_3871",
    "tfidf_3872",
    "tfidf_3873",
    "tfidf_3874",
    "tfidf_3875",
    "tfidf_3876",
    "tfidf_3877",
    "tfidf_3878",
    "tfidf_3879",
    "tfidf_3880",
    "tfidf_3881",
    "tfidf_3882",
    "tfidf_3883",
    "tfidf_3884",
    "tfidf_3885",
    "tfidf_3886",
    "tfidf_3887",
    "tfidf_3888",
    "tfidf_3889",
    "tfidf_3890",
    "tfidf_3891",
    "tfidf_3892",
    "tfidf_3893",
    "tfidf_3894",
    "tfidf_3895",
    "tfidf_3896",
    "tfidf_3897",
    "tfidf_3898",
    "tfidf_3899",
    "tfidf_3900",
    "tfidf_3901",
    "tfidf_3902",
    "tfidf_3903",
    "tfidf_3904",
    "tfidf_3905",
    "tfidf_3906",
    "tfidf_3907",
    "tfidf_3908",
    "tfidf_3909",
    "tfidf_3910",
    "tfidf_3911",
    "tfidf_3912",
    "tfidf_3913",
    "tfidf_3914",
    "tfidf_3915",
    "tfidf_3916",
    "tfidf_3917",
    "tfidf_3918",
    "tfidf_3919",
    "tfidf_3920",
    "tfidf_3921",
    "tfidf_3922",
    "tfidf_3923",
    "tfidf_3924",
    "tfidf_3925",
    "tfidf_3926",
    "tfidf_3927",
    "tfidf_3928",
    "tfidf_3929",
    "tfidf_3930",
    "tfidf_3931",
    "tfidf_3932",
    "tfidf_3933",
    "tfidf_3934",
    "tfidf_3935",
    "tfidf_3936",
    "tfidf_3937",
    "tfidf_3938",
    "tfidf_3939",
    "tfidf_3940",
    "tfidf_3941",
    "tfidf_3942",
    "tfidf_3943",
    "tfidf_3944",
    "tfidf_3945",
    "tfidf_3946",
    "tfidf_3947",
    "tfidf_3948",
    "tfidf_3949",
    "tfidf_3950",
    "tfidf_3951",
    "tfidf_3952",
    "tfidf_3953",
    "tfidf_3954",
    "tfidf_3955",
    "tfidf_3956",
    "tfidf_3957",
    "tfidf_3958",
    "tfidf_3959",
    "tfidf_3960",
    "tfidf_3961",
    "tfidf_3962",
    "tfidf_3963",
    "tfidf_3964",
    "tfidf_3965",
    "tfidf_3966",
    "tfidf_3967",
    "tfidf_3968",
    "tfidf_3969",
    "tfidf_3970",
    "tfidf_3971",
    "tfidf_3972",
    "tfidf_3973",
    "tfidf_3974",
    "tfidf_3975",
    "tfidf_3976",
    "tfidf_3977",
    "tfidf_3978",
    "tfidf_3979",
    "tfidf_3980",
    "tfidf_3981",
    "tfidf_3982",
    "tfidf_3983",
    "tfidf_3984",
    "tfidf_3985",
    "tfidf_3986",
    "tfidf_3987",
    "tfidf_3988",
    "tfidf_3989",
    "tfidf_3990",
    "tfidf_3991",
    "tfidf_3992",
    "tfidf_3993",
    "tfidf_3994",
    "tfidf_3995",
    "tfidf_3996",
    "tfidf_3997",
    "tfidf_3998",
    "tfidf_3999",
    "tfidf_4000",
    "tfidf_4001",
    "tfidf_4002",
    "tfidf_4003",
    "tfidf_4004",
    "tfidf_4005",
    "tfidf_4006",
    "tfidf_4007",
    "tfidf_4008",
    "tfidf_4009",
    "tfidf_4010",
    "tfidf_4011",
    "tfidf_4012",
    "tfidf_4013",
    "tfidf_4014",
    "tfidf_4015",
    "tfidf_4016",
    "tfidf_4017",
    "tfidf_4018",
    "tfidf_4019",
    "tfidf_4020",
    "tfidf_4021",
    "tfidf_4022",
    "tfidf_4023",
    "tfidf_4024",
    "tfidf_4025",
    "tfidf_4026",
    "tfidf_4027",
    "tfidf_4028",
    "tfidf_4029",
    "tfidf_4030",
    "tfidf_4031",
    "tfidf_4032",
    "tfidf_4033",
    "tfidf_4034",
    "tfidf_4035",
    "tfidf_4036",
    "tfidf_4037",
    "tfidf_4038",
    "tfidf_4039",
    "tfidf_4040",
    "tfidf_4041",
    "tfidf_4042",
    "tfidf_4043",
    "tfidf_4044",
    "tfidf_4045",
    "tfidf_4046",
    "tfidf_4047",
    "tfidf_4048",
    "tfidf_4049",
    "tfidf_4050",
    "tfidf_4051",
    "tfidf_4052",
    "tfidf_4053",
    "tfidf_4054",
    "tfidf_4055",
    "tfidf_4056",
    "tfidf_4057",
    "tfidf_4058",
    "tfidf_4059",
    "tfidf_4060",
    "tfidf_4061",
    "tfidf_4062",
    "tfidf_4063",
    "tfidf_4064",
    "tfidf_4065",
    "tfidf_4066",
    "tfidf_4067",
    "tfidf_4068",
    "tfidf_4069",
    "tfidf_4070",
    "tfidf_4071",
    "tfidf_4072",
    "tfidf_4073",
    "tfidf_4074",
    "tfidf_4075",
    "tfidf_4076",
    "tfidf_4077",
    "tfidf_4078",
    "tfidf_4079",
    "tfidf_4080",
    "tfidf_4081",
    "tfidf_4082",
    "tfidf_4083",
    "tfidf_4084",
    "tfidf_4085",
    "tfidf_4086",
    "tfidf_4087",
    "tfidf_4088",
    "tfidf_4089",
    "tfidf_4090",
    "tfidf_4091",
    "tfidf_4092",
    "tfidf_4093",
    "tfidf_4094",
    "tfidf_4095",
    "tfidf_4096",
    "tfidf_4097",
    "tfidf_4098",
    "tfidf_4099",
    "tfidf_4100",
    "tfidf_4101",
    "tfidf_4102",
    "tfidf_4103",
    "tfidf_4104",
    "tfidf_4105",
    "tfidf_4106",
    "tfidf_4107",
    "tfidf_4108",
    "tfidf_4109",
    "tfidf_4110",
    "tfidf_4111",
    "tfidf_4112",
    "tfidf_4113",
    "tfidf_4114",
    "tfidf_4115",
    "tfidf_4116",
    "tfidf_4117",
    "tfidf_4118",
    "tfidf_4119",
    "tfidf_4120",
    "tfidf_4121",
    "tfidf_4122",
    "tfidf_4123",
    "tfidf_4124",
    "tfidf_4125",
    "tfidf_4126",
    "tfidf_4127",
    "tfidf_4128",
    "tfidf_4129",
    "tfidf_4130",
    "tfidf_4131",
    "tfidf_4132",
    "tfidf_4133",
    "tfidf_4134",
    "tfidf_4135",
    "tfidf_4136",
    "tfidf_4137",
    "tfidf_4138",
    "tfidf_4139",
    "tfidf_4140",
    "tfidf_4141",
    "tfidf_4142",
    "tfidf_4143",
    "tfidf_4144",
    "tfidf_4145",
    "tfidf_4146",
    "tfidf_4147",
    "tfidf_4148",
    "tfidf_4149",
    "tfidf_4150",
    "tfidf_4151",
    "tfidf_4152",
    "tfidf_4153",
    "tfidf_4154",
    "tfidf_4155",
    "tfidf_4156",
    "tfidf_4157",
    "tfidf_4158",
    "tfidf_4159",
    "tfidf_4160",
    "tfidf_4161",
    "tfidf_4162",
    "tfidf_4163",
    "tfidf_4164",
    "tfidf_4165",
    "tfidf_4166",
    "tfidf_4167",
    "tfidf_4168",
    "tfidf_4169",
    "tfidf_4170",
    "tfidf_4171",
    "tfidf_4172",
    "tfidf_4173",
    "tfidf_4174",
    "tfidf_4175",
    "tfidf_4176",
    "tfidf_4177",
    "tfidf_4178",
    "tfidf_4179",
    "tfidf_4180",
    "tfidf_4181",
    "tfidf_4182",
    "tfidf_4183",
    "tfidf_4184",
    "tfidf_4185",
    "tfidf_4186",
    "tfidf_4187",
    "tfidf_4188",
    "tfidf_4189",
    "tfidf_4190",
    "tfidf_4191",
    "tfidf_4192",
    "tfidf_4193",
    "tfidf_4194",
    "tfidf_4195",
    "tfidf_4196",
    "tfidf_4197",
    "tfidf_4198",
    "tfidf_4199",
    "tfidf_4200",
    "tfidf_4201",
    "tfidf_4202",
    "tfidf_4203",
    "tfidf_4204",
    "tfidf_4205",
    "tfidf_4206",
    "tfidf_4207",
    "tfidf_4208",
    "tfidf_4209",
    "tfidf_4210",
    "tfidf_4211",
    "tfidf_4212",
    "tfidf_4213",
    "tfidf_4214",
    "tfidf_4215",
    "tfidf_4216",
    "tfidf_4217",
    "tfidf_4218",
    "tfidf_4219",
    "tfidf_4220",
    "tfidf_4221",
    "tfidf_4222",
    "tfidf_4223",
    "tfidf_4224",
    "tfidf_4225",
    "tfidf_4226",
    "tfidf_4227",
    "tfidf_4228",
    "tfidf_4229",
    "tfidf_4230",
    "tfidf_4231",
    "tfidf_4232",
    "tfidf_4233",
    "tfidf_4234",
    "tfidf_4235",
    "tfidf_4236",
    "tfidf_4237",
    "tfidf_4238",
    "tfidf_4239",
    "tfidf_4240",
    "tfidf_4241",
    "tfidf_4242",
    "tfidf_4243",
    "tfidf_4244",
    "tfidf_4245",
    "tfidf_4246",
    "tfidf_4247",
    "tfidf_4248",
    "tfidf_4249",
    "tfidf_4250",
    "tfidf_4251",
    "tfidf_4252",
    "tfidf_4253",
    "tfidf_4254",
    "tfidf_4255",
    "tfidf_4256",
    "tfidf_4257",
    "tfidf_4258",
    "tfidf_4259",
    "tfidf_4260",
    "tfidf_4261",
    "tfidf_4262",
    "tfidf_4263",
    "tfidf_4264",
    "tfidf_4265",
    "tfidf_4266",
    "tfidf_4267",
    "tfidf_4268",
    "tfidf_4269",
    "tfidf_4270",
    "tfidf_4271",
    "tfidf_4272",
    "tfidf_4273",
    "tfidf_4274",
    "tfidf_4275",
    "tfidf_4276",
    "tfidf_4277",
    "tfidf_4278",
    "tfidf_4279",
    "tfidf_4280",
    "tfidf_4281",
    "tfidf_4282",
    "tfidf_4283",
    "tfidf_4284",
    "tfidf_4285",
    "tfidf_4286",
    "tfidf_4287",
    "tfidf_4288",
    "tfidf_4289",
    "tfidf_4290",
    "tfidf_4291",
    "tfidf_4292",
    "tfidf_4293",
    "tfidf_4294",
    "tfidf_4295",
    "tfidf_4296",
    "tfidf_4297",
    "tfidf_4298",
    "tfidf_4299",
    "tfidf_4300",
    "tfidf_4301",
    "tfidf_4302",
    "tfidf_4303",
    "tfidf_4304",
    "tfidf_4305",
    "tfidf_4306",
    "tfidf_4307",
    "tfidf_4308",
    "tfidf_4309",
    "tfidf_4310",
    "tfidf_4311",
    "tfidf_4312",
    "tfidf_4313",
    "tfidf_4314",
    "tfidf_4315",
    "tfidf_4316",
    "tfidf_4317",
    "tfidf_4318",
    "tfidf_4319",
    "tfidf_4320",
    "tfidf_4321",
    "tfidf_4322",
    "tfidf_4323",
    "tfidf_4324",
    "tfidf_4325",
    "tfidf_4326",
    "tfidf_4327",
    "tfidf_4328",
    "tfidf_4329",
    "tfidf_4330",
    "tfidf_4331",
    "tfidf_4332",
    "tfidf_4333",
    "tfidf_4334",
    "tfidf_4335",
    "tfidf_4336",
    "tfidf_4337",
    "tfidf_4338",
    "tfidf_4339",
    "tfidf_4340",
    "tfidf_4341",
    "tfidf_4342",
    "tfidf_4343",
    "tfidf_4344",
    "tfidf_4345",
    "tfidf_4346",
    "tfidf_4347",
    "tfidf_4348",
    "tfidf_4349",
    "tfidf_4350",
    "tfidf_4351",
    "tfidf_4352",
    "tfidf_4353",
    "tfidf_4354",
    "tfidf_4355",
    "tfidf_4356",
    "tfidf_4357",
    "tfidf_4358",
    "tfidf_4359",
    "tfidf_4360",
    "tfidf_4361",
    "tfidf_4362",
    "tfidf_4363",
    "tfidf_4364",
    "tfidf_4365",
    "tfidf_4366",
    "tfidf_4367",
    "tfidf_4368",
    "tfidf_4369",
    "tfidf_4370",
    "tfidf_4371",
    "tfidf_4372",
    "tfidf_4373",
    "tfidf_4374",
    "tfidf_4375",
    "tfidf_4376",
    "tfidf_4377",
    "tfidf_4378",
    "tfidf_4379",
    "tfidf_4380",
    "tfidf_4381",
    "tfidf_4382",
    "tfidf_4383",
    "tfidf_4384",
    "tfidf_4385",
    "tfidf_4386",
    "tfidf_4387",
    "tfidf_4388",
    "tfidf_4389",
    "tfidf_4390",
    "tfidf_4391",
    "tfidf_4392",
    "tfidf_4393",
    "tfidf_4394",
    "tfidf_4395",
    "tfidf_4396",
    "tfidf_4397",
    "tfidf_4398",
    "tfidf_4399",
    "tfidf_4400",
    "tfidf_4401",
    "tfidf_4402",
    "tfidf_4403",
    "tfidf_4404",
    "tfidf_4405",
    "tfidf_4406",
    "tfidf_4407",
    "tfidf_4408",
    "tfidf_4409",
    "tfidf_4410",
    "tfidf_4411",
    "tfidf_4412",
    "tfidf_4413",
    "tfidf_4414",
    "tfidf_4415",
    "tfidf_4416",
    "tfidf_4417",
    "tfidf_4418",
    "tfidf_4419",
    "tfidf_4420",
    "tfidf_4421",
    "tfidf_4422",
    "tfidf_4423",
    "tfidf_4424",
    "tfidf_4425",
    "tfidf_4426",
    "tfidf_4427",
    "tfidf_4428",
    "tfidf_4429",
    "tfidf_4430",
    "tfidf_4431",
    "tfidf_4432",
    "tfidf_4433",
    "tfidf_4434",
    "tfidf_4435",
    "tfidf_4436",
    "tfidf_4437",
    "tfidf_4438",
    "tfidf_4439",
    "tfidf_4440",
    "tfidf_4441",
    "tfidf_4442",
    "tfidf_4443",
    "tfidf_4444",
    "tfidf_4445",
    "tfidf_4446",
    "tfidf_4447",
    "tfidf_4448",
    "tfidf_4449",
    "tfidf_4450",
    "tfidf_4451",
    "tfidf_4452",
    "tfidf_4453",
    "tfidf_4454",
    "tfidf_4455",
    "tfidf_4456",
    "tfidf_4457",
    "tfidf_4458",
    "tfidf_4459",
    "tfidf_4460",
    "tfidf_4461",
    "tfidf_4462",
    "tfidf_4463",
    "tfidf_4464",
    "tfidf_4465",
    "tfidf_4466",
    "tfidf_4467",
    "tfidf_4468",
    "tfidf_4469",
    "tfidf_4470",
    "tfidf_4471",
    "tfidf_4472",
    "tfidf_4473",
    "tfidf_4474",
    "tfidf_4475",
    "tfidf_4476",
    "tfidf_4477",
    "tfidf_4478",
    "tfidf_4479",
    "tfidf_4480",
    "tfidf_4481",
    "tfidf_4482",
    "tfidf_4483",
    "tfidf_4484",
    "tfidf_4485",
    "tfidf_4486",
    "tfidf_4487",
    "tfidf_4488",
    "tfidf_4489",
    "tfidf_4490",
    "tfidf_4491",
    "tfidf_4492",
    "tfidf_4493",
    "tfidf_4494",
    "tfidf_4495",
    "tfidf_4496",
    "tfidf_4497",
    "tfidf_4498",
    "tfidf_4499",
    "tfidf_4500",
    "tfidf_4501",
    "tfidf_4502",
    "tfidf_4503",
    "tfidf_4504",
    "tfidf_4505",
    "tfidf_4506",
    "tfidf_4507",
    "tfidf_4508",
    "tfidf_4509",
    "tfidf_4510",
    "tfidf_4511",
    "tfidf_4512",
    "tfidf_4513",
    "tfidf_4514",
    "tfidf_4515",
    "tfidf_4516",
    "tfidf_4517",
    "tfidf_4518",
    "tfidf_4519",
    "tfidf_4520",
    "tfidf_4521",
    "tfidf_4522",
    "tfidf_4523",
    "tfidf_4524",
    "tfidf_4525",
    "tfidf_4526",
    "tfidf_4527",
    "tfidf_4528",
    "tfidf_4529",
    "tfidf_4530",
    "tfidf_4531",
    "tfidf_4532",
    "tfidf_4533",
    "tfidf_4534",
    "tfidf_4535",
    "tfidf_4536",
    "tfidf_4537",
    "tfidf_4538",
    "tfidf_4539",
    "tfidf_4540",
    "tfidf_4541",
    "tfidf_4542",
    "tfidf_4543",
    "tfidf_4544",
    "tfidf_4545",
    "tfidf_4546",
    "tfidf_4547",
    "tfidf_4548",
    "tfidf_4549",
    "tfidf_4550",
    "tfidf_4551",
    "tfidf_4552",
    "tfidf_4553",
    "tfidf_4554",
    "tfidf_4555",
    "tfidf_4556",
    "tfidf_4557",
    "tfidf_4558",
    "tfidf_4559",
    "tfidf_4560",
    "tfidf_4561",
    "tfidf_4562",
    "tfidf_4563",
    "tfidf_4564",
    "tfidf_4565",
    "tfidf_4566",
    "tfidf_4567",
    "tfidf_4568",
    "tfidf_4569",
    "tfidf_4570",
    "tfidf_4571",
    "tfidf_4572",
    "tfidf_4573",
    "tfidf_4574",
    "tfidf_4575",
    "tfidf_4576",
    "tfidf_4577",
    "tfidf_4578",
    "tfidf_4579",
    "tfidf_4580",
    "tfidf_4581",
    "tfidf_4582",
    "tfidf_4583",
    "tfidf_4584",
    "tfidf_4585",
    "tfidf_4586",
    "tfidf_4587",
    "tfidf_4588",
    "tfidf_4589",
    "tfidf_4590",
    "tfidf_4591",
    "tfidf_4592",
    "tfidf_4593",
    "tfidf_4594",
    "tfidf_4595",
    "tfidf_4596",
    "tfidf_4597",
    "tfidf_4598",
    "tfidf_4599",
    "tfidf_4600",
    "tfidf_4601",
    "tfidf_4602",
    "tfidf_4603",
    "tfidf_4604",
    "tfidf_4605",
    "tfidf_4606",
    "tfidf_4607",
    "tfidf_4608",
    "tfidf_4609",
    "tfidf_4610",
    "tfidf_4611",
    "tfidf_4612",
    "tfidf_4613",
    "tfidf_4614",
    "tfidf_4615",
    "tfidf_4616",
    "tfidf_4617",
    "tfidf_4618",
    "tfidf_4619",
    "tfidf_4620",
    "tfidf_4621",
    "tfidf_4622",
    "tfidf_4623",
    "tfidf_4624",
    "tfidf_4625",
    "tfidf_4626",
    "tfidf_4627",
    "tfidf_4628",
    "tfidf_4629",
    "tfidf_4630",
    "tfidf_4631",
    "tfidf_4632",
    "tfidf_4633",
    "tfidf_4634",
    "tfidf_4635",
    "tfidf_4636",
    "tfidf_4637",
    "tfidf_4638",
    "tfidf_4639",
    "tfidf_4640",
    "tfidf_4641",
    "tfidf_4642",
    "tfidf_4643",
    "tfidf_4644",
    "tfidf_4645",
    "tfidf_4646",
    "tfidf_4647",
    "tfidf_4648",
    "tfidf_4649",
    "tfidf_4650",
    "tfidf_4651",
    "tfidf_4652",
    "tfidf_4653",
    "tfidf_4654",
    "tfidf_4655",
    "tfidf_4656",
    "tfidf_4657",
    "tfidf_4658",
    "tfidf_4659",
    "tfidf_4660",
    "tfidf_4661",
    "tfidf_4662",
    "tfidf_4663",
    "tfidf_4664",
    "tfidf_4665",
    "tfidf_4666",
    "tfidf_4667",
    "tfidf_4668",
    "tfidf_4669",
    "tfidf_4670",
    "tfidf_4671",
    "tfidf_4672",
    "tfidf_4673",
    "tfidf_4674",
    "tfidf_4675",
    "tfidf_4676",
    "tfidf_4677",
    "tfidf_4678",
    "tfidf_4679",
    "tfidf_4680",
    "tfidf_4681",
    "tfidf_4682",
    "tfidf_4683",
    "tfidf_4684",
    "tfidf_4685",
    "tfidf_4686",
    "tfidf_4687",
    "tfidf_4688",
    "tfidf_4689",
    "tfidf_4690",
    "tfidf_4691",
    "tfidf_4692",
    "tfidf_4693",
    "tfidf_4694",
    "tfidf_4695",
    "tfidf_4696",
    "tfidf_4697",
    "tfidf_4698",
    "tfidf_4699",
    "tfidf_4700",
    "tfidf_4701",
    "tfidf_4702",
    "tfidf_4703",
    "tfidf_4704",
    "tfidf_4705",
    "tfidf_4706",
    "tfidf_4707",
    "tfidf_4708",
    "tfidf_4709",
    "tfidf_4710",
    "tfidf_4711",
    "tfidf_4712",
    "tfidf_4713",
    "tfidf_4714",
    "tfidf_4715",
    "tfidf_4716",
    "tfidf_4717",
    "tfidf_4718",
    "tfidf_4719",
    "tfidf_4720",
    "tfidf_4721",
    "tfidf_4722",
    "tfidf_4723",
    "tfidf_4724",
    "tfidf_4725",
    "tfidf_4726",
    "tfidf_4727",
    "tfidf_4728",
    "tfidf_4729",
    "tfidf_4730",
    "tfidf_4731",
    "tfidf_4732",
    "tfidf_4733",
    "tfidf_4734",
    "tfidf_4735",
    "tfidf_4736",
    "tfidf_4737",
    "tfidf_4738",
    "tfidf_4739",
    "tfidf_4740",
    "tfidf_4741",
    "tfidf_4742",
    "tfidf_4743",
    "tfidf_4744",
    "tfidf_4745",
    "tfidf_4746",
    "tfidf_4747",
    "tfidf_4748",
    "tfidf_4749",
    "tfidf_4750",
    "tfidf_4751",
    "tfidf_4752",
    "tfidf_4753",
    "tfidf_4754",
    "tfidf_4755",
    "tfidf_4756",
    "tfidf_4757",
    "tfidf_4758",
    "tfidf_4759",
    "tfidf_4760",
    "tfidf_4761",
    "tfidf_4762",
    "tfidf_4763",
    "tfidf_4764",
    "tfidf_4765",
    "tfidf_4766",
    "tfidf_4767",
    "tfidf_4768",
    "tfidf_4769",
    "tfidf_4770",
    "tfidf_4771",
    "tfidf_4772",
    "tfidf_4773",
    "tfidf_4774",
    "tfidf_4775",
    "tfidf_4776",
    "tfidf_4777",
    "tfidf_4778",
    "tfidf_4779",
    "tfidf_4780",
    "tfidf_4781",
    "tfidf_4782",
    "tfidf_4783",
    "tfidf_4784",
    "tfidf_4785",
    "tfidf_4786",
    "tfidf_4787",
    "tfidf_4788",
    "tfidf_4789",
    "tfidf_4790",
    "tfidf_4791",
    "tfidf_4792",
    "tfidf_4793",
    "tfidf_4794",
    "tfidf_4795",
    "tfidf_4796",
    "tfidf_4797",
    "tfidf_4798",
    "tfidf_4799",
    "tfidf_4800",
    "tfidf_4801",
    "tfidf_4802",
    "tfidf_4803",
    "tfidf_4804",
    "tfidf_4805",
    "tfidf_4806",
    "tfidf_4807",
    "tfidf_4808",
    "tfidf_4809",
    "tfidf_4810",
    "tfidf_4811",
    "tfidf_4812",
    "tfidf_4813",
    "tfidf_4814",
    "tfidf_4815",
    "tfidf_4816",
    "tfidf_4817",
    "tfidf_4818",
    "tfidf_4819",
    "tfidf_4820",
    "tfidf_4821",
    "tfidf_4822",
    "tfidf_4823",
    "tfidf_4824",
    "tfidf_4825",
    "tfidf_4826",
    "tfidf_4827",
    "tfidf_4828",
    "tfidf_4829",
    "tfidf_4830",
    "tfidf_4831",
    "tfidf_4832",
    "tfidf_4833",
    "tfidf_4834",
    "tfidf_4835",
    "tfidf_4836",
    "tfidf_4837",
    "tfidf_4838",
    "tfidf_4839",
    "tfidf_4840",
    "tfidf_4841",
    "tfidf_4842",
    "tfidf_4843",
    "tfidf_4844",
    "tfidf_4845",
    "tfidf_4846",
    "tfidf_4847",
    "tfidf_4848",
    "tfidf_4849",
    "tfidf_4850",
    "tfidf_4851",
    "tfidf_4852",
    "tfidf_4853",
    "tfidf_4854",
    "tfidf_4855",
    "tfidf_4856",
    "tfidf_4857",
    "tfidf_4858",
    "tfidf_4859",
    "tfidf_4860",
    "tfidf_4861",
    "tfidf_4862",
    "tfidf_4863",
    "tfidf_4864",
    "tfidf_4865",
    "tfidf_4866",
    "tfidf_4867",
    "tfidf_4868",
    "tfidf_4869",
    "tfidf_4870",
    "tfidf_4871",
    "tfidf_4872",
    "tfidf_4873",
    "tfidf_4874",
    "tfidf_4875",
    "tfidf_4876",
    "tfidf_4877",
    "tfidf_4878",
    "tfidf_4879",
    "tfidf_4880",
    "tfidf_4881",
    "tfidf_4882",
    "tfidf_4883",
    "tfidf_4884",
    "tfidf_4885",
    "tfidf_4886",
    "tfidf_4887",
    "tfidf_4888",
    "tfidf_4889",
    "tfidf_4890",
    "tfidf_4891",
    "tfidf_4892",
    "tfidf_4893",
    "tfidf_4894",
    "tfidf_4895",
    "tfidf_4896",
    "tfidf_4897",
    "tfidf_4898",
    "tfidf_4899",
    "tfidf_4900",
    "tfidf_4901",
    "tfidf_4902",
    "tfidf_4903",
    "tfidf_4904",
    "tfidf_4905",
    "tfidf_4906",
    "tfidf_4907",
    "tfidf_4908",
    "tfidf_4909",
    "tfidf_4910",
    "tfidf_4911",
    "tfidf_4912",
    "tfidf_4913",
    "tfidf_4914",
    "tfidf_4915",
    "tfidf_4916",
    "tfidf_4917",
    "tfidf_4918",
    "tfidf_4919",
    "tfidf_4920",
    "tfidf_4921",
    "tfidf_4922",
    "tfidf_4923",
    "tfidf_4924",
    "tfidf_4925",
    "tfidf_4926",
    "tfidf_4927",
    "tfidf_4928",
    "tfidf_4929",
    "tfidf_4930",
    "tfidf_4931",
    "tfidf_4932",
    "tfidf_4933",
    "tfidf_4934",
    "tfidf_4935",
    "tfidf_4936",
    "tfidf_4937",
    "tfidf_4938",
    "tfidf_4939",
    "tfidf_4940",
    "tfidf_4941",
    "tfidf_4942",
    "tfidf_4943",
    "tfidf_4944",
    "tfidf_4945",
    "tfidf_4946",
    "tfidf_4947",
    "tfidf_4948",
    "tfidf_4949",
    "tfidf_4950",
    "tfidf_4951",
    "tfidf_4952",
    "tfidf_4953",
    "tfidf_4954",
    "tfidf_4955",
    "tfidf_4956",
    "tfidf_4957",
    "tfidf_4958",
    "tfidf_4959",
    "tfidf_4960",
    "tfidf_4961",
    "tfidf_4962",
    "tfidf_4963",
    "tfidf_4964",
    "tfidf_4965",
    "tfidf_4966",
    "tfidf_4967",
    "tfidf_4968",
    "tfidf_4969",
    "tfidf_4970",
    "tfidf_4971",
    "tfidf_4972",
    "tfidf_4973",
    "tfidf_4974",
    "tfidf_4975",
    "tfidf_4976",
    "tfidf_4977",
    "tfidf_4978",
    "tfidf_4979",
    "tfidf_4980",
    "tfidf_4981",
    "tfidf_4982",
    "tfidf_4983",
    "tfidf_4984",
    "tfidf_4985",
    "tfidf_4986",
    "tfidf_4987",
    "tfidf_4988",
    "tfidf_4989",
    "tfidf_4990",
    "tfidf_4991",
    "tfidf_4992",
    "tfidf_4993",
    "tfidf_4994",
    "tfidf_4995",
    "tfidf_4996",
    "tfidf_4997",
    "tfidf_4998",
    "tfidf_4999"
  ]
}